packet_length,source_port,destination_port,ttl,tcp_syn,tcp_ack,tcp_rst,tcp_fin,flow_packet_count,flow_byte_count,flow_syn_count,flow_ack_count,flow_rst_count,flow_fin_count,unique_destination_ports,label
387,8320,53,85,1,1,0,0,4,1928,1,2,0,2,1,NORMAL
362,28675,53,53,1,1,0,0,2,1891,1,9,0,2,1,NORMAL
347,14055,8080,103,1,1,0,0,4,3779,3,5,0,0,1,NORMAL
417,28720,443,85,1,1,0,0,3,1863,2,2,0,0,2,NORMAL
109,24550,443,127,1,1,0,0,5,455,3,8,0,2,1,NORMAL
253,6188,8080,87,1,1,0,0,10,3062,3,4,0,2,1,NORMAL
83,44360,80,87,1,1,0,0,2,2007,1,7,0,1,2,NORMAL
385,55688,443,70,1,1,0,0,6,3010,1,5,0,2,1,NORMAL
371,42637,80,118,1,1,0,0,4,1438,2,7,0,1,1,NORMAL
410,22276,53,79,1,1,0,0,1,2684,2,5,0,0,1,NORMAL
350,58457,443,77,1,1,0,0,8,3341,3,8,0,0,2,NORMAL
131,17186,8080,118,1,1,0,0,5,4888,2,10,0,1,2,NORMAL
172,10089,8080,113,1,1,0,0,2,485,1,3,0,2,1,NORMAL
465,45620,123,126,1,1,0,0,2,3252,2,10,0,1,2,NORMAL
343,57436,53,64,1,1,0,0,9,2285,3,6,0,0,2,NORMAL
282,11389,123,50,1,1,0,0,5,4200,1,9,0,0,2,NORMAL
490,42898,8080,127,1,1,0,0,4,1352,2,3,0,2,1,NORMAL
366,22267,123,52,1,1,0,0,2,3073,2,4,0,0,1,NORMAL
350,63083,53,60,1,1,0,0,8,666,3,3,0,0,2,NORMAL
341,11845,443,117,1,1,0,0,10,3566,1,9,0,2,1,NORMAL
425,21452,123,97,1,1,0,0,8,4339,2,2,0,0,1,NORMAL
92,23180,53,125,1,1,0,0,9,1985,3,4,0,0,1,NORMAL
422,42383,53,79,1,1,0,0,2,357,2,2,0,2,1,NORMAL
202,44866,123,77,1,1,0,0,9,1183,3,10,0,2,2,NORMAL
184,52444,123,102,1,1,0,0,4,872,1,7,0,1,2,NORMAL
270,31630,53,62,1,1,0,0,1,3398,3,6,0,0,1,NORMAL
158,13489,8080,107,1,1,0,0,3,3556,1,5,0,1,1,NORMAL
98,30065,8080,62,1,1,0,0,1,4528,1,2,0,0,1,NORMAL
268,32850,123,77,1,1,0,0,7,580,1,7,0,0,2,NORMAL
195,61744,123,86,1,1,0,0,7,4652,3,8,0,0,1,NORMAL
211,15291,53,124,1,1,0,0,9,599,3,6,0,0,1,NORMAL
359,32270,8080,117,1,1,0,0,3,565,3,2,0,0,1,NORMAL
364,5477,80,101,1,1,0,0,2,4766,1,10,0,2,1,NORMAL
377,6396,123,124,1,1,0,0,10,4382,2,5,0,0,2,NORMAL
182,18431,123,66,1,1,0,0,5,3845,2,2,0,0,2,NORMAL
378,37920,53,59,1,1,0,0,9,1846,3,5,0,0,2,NORMAL
95,58647,80,97,1,1,0,0,5,1392,2,9,0,2,2,NORMAL
373,65501,8080,51,1,1,0,0,9,2552,3,2,0,0,2,NORMAL
119,59332,53,120,1,1,0,0,3,2331,2,10,0,0,2,NORMAL
164,46079,443,114,1,1,0,0,8,2157,1,2,0,2,2,NORMAL
484,19156,53,50,1,1,0,0,6,1171,3,5,0,0,2,NORMAL
342,47270,123,121,1,1,0,0,1,1016,1,3,0,2,1,NORMAL
487,25220,8080,120,1,1,0,0,3,3620,1,1,0,1,2,NORMAL
467,64737,53,95,1,1,0,0,4,2144,3,2,0,1,2,NORMAL
377,50141,80,80,1,1,0,0,3,1550,2,1,0,0,2,NORMAL
460,62025,123,81,1,1,0,0,5,1404,3,2,0,1,1,NORMAL
499,31871,80,75,1,1,0,0,8,2964,2,4,0,0,1,NORMAL
397,13680,123,92,1,1,0,0,5,668,2,6,0,2,2,NORMAL
407,65324,8080,92,1,1,0,0,1,1044,2,3,0,2,2,NORMAL
79,8128,8080,105,1,1,0,0,6,2669,2,10,0,2,1,NORMAL
257,59973,8080,74,1,1,0,0,5,463,3,7,0,0,1,NORMAL
246,29289,53,92,1,1,0,0,10,2671,3,2,0,2,2,NORMAL
319,21293,123,91,1,1,0,0,7,2522,3,3,0,0,2,NORMAL
400,62651,123,72,1,1,0,0,10,4762,2,7,0,2,1,NORMAL
215,19827,80,105,1,1,0,0,10,2739,2,8,0,1,1,NORMAL
321,32034,80,60,1,1,0,0,5,4322,3,10,0,1,1,NORMAL
479,63414,80,89,1,1,0,0,4,1731,1,1,0,0,1,NORMAL
303,41084,53,108,1,1,0,0,7,4815,1,7,0,1,2,NORMAL
184,10695,53,63,1,1,0,0,7,1892,1,9,0,1,1,NORMAL
345,17355,53,108,1,1,0,0,3,3906,3,9,0,2,2,NORMAL
446,59444,123,128,1,1,0,0,9,3595,3,8,0,0,2,NORMAL
290,18010,80,85,1,1,0,0,9,4069,3,4,0,1,2,NORMAL
99,47786,443,80,1,1,0,0,5,2851,2,9,0,0,1,NORMAL
137,16179,123,69,1,1,0,0,4,626,2,7,0,1,2,NORMAL
272,5104,80,103,1,1,0,0,7,4884,3,1,0,2,2,NORMAL
304,1410,443,88,1,1,0,0,7,3532,3,9,0,2,1,NORMAL
309,15404,443,105,1,1,0,0,8,337,2,6,0,2,2,NORMAL
430,11840,123,66,1,1,0,0,10,4475,1,7,0,2,1,NORMAL
102,43147,123,67,1,1,0,0,8,1588,1,5,0,1,2,NORMAL
168,30823,443,93,1,1,0,0,7,2379,2,5,0,0,2,NORMAL
69,50112,8080,56,1,1,0,0,6,1936,3,2,0,2,1,NORMAL
446,3057,80,75,1,1,0,0,1,1348,1,3,0,1,1,NORMAL
348,63136,80,109,1,1,0,0,5,3121,1,10,0,2,1,NORMAL
458,54717,80,89,1,1,0,0,2,4840,1,5,0,2,2,NORMAL
263,62724,80,59,1,1,0,0,10,2089,1,5,0,2,1,NORMAL
467,65501,8080,55,1,1,0,0,6,4464,2,6,0,0,2,NORMAL
66,56701,123,112,1,1,0,0,2,3651,2,8,0,2,1,NORMAL
282,12567,8080,84,1,1,0,0,10,4508,2,8,0,1,2,NORMAL
225,56841,80,61,1,1,0,0,5,3792,1,8,0,2,2,NORMAL
232,2904,123,91,1,1,0,0,3,4094,1,6,0,1,2,NORMAL
203,58716,8080,85,1,1,0,0,9,183,3,4,0,0,1,NORMAL
428,27659,123,121,1,1,0,0,4,4000,3,8,0,1,1,NORMAL
107,20307,80,101,1,1,0,0,4,2608,3,10,0,1,2,NORMAL
343,35818,443,104,1,1,0,0,9,2809,2,8,0,1,2,NORMAL
188,16132,53,74,1,1,0,0,6,1079,3,9,0,2,1,NORMAL
158,15204,123,85,1,1,0,0,10,4397,3,5,0,0,1,NORMAL
211,15932,443,72,1,1,0,0,5,215,3,9,0,0,2,NORMAL
83,64875,53,120,1,1,0,0,5,1134,3,8,0,0,1,NORMAL
353,19658,123,111,1,1,0,0,8,2891,1,1,0,1,2,NORMAL
118,54902,53,101,1,1,0,0,8,706,3,1,0,0,1,NORMAL
475,37910,443,60,1,1,0,0,4,1070,3,7,0,2,1,NORMAL
457,35271,123,107,1,1,0,0,8,2535,3,7,0,1,1,NORMAL
372,63945,53,76,1,1,0,0,4,2267,3,2,0,0,1,NORMAL
148,37199,53,70,1,1,0,0,1,3446,2,10,0,1,2,NORMAL
76,16194,443,86,1,1,0,0,8,683,3,4,0,1,1,NORMAL
277,8545,8080,78,1,1,0,0,3,2276,1,2,0,0,1,NORMAL
465,21183,8080,122,1,1,0,0,5,3697,1,8,0,2,2,NORMAL
418,27402,443,114,1,1,0,0,9,4145,2,2,0,2,1,NORMAL
281,49162,443,127,1,1,0,0,5,311,1,4,0,2,1,NORMAL
451,45082,443,123,1,1,0,0,1,1535,2,9,0,2,2,NORMAL
202,12918,8080,105,1,1,0,0,8,847,2,6,0,1,2,NORMAL
224,44941,53,70,1,1,0,0,6,3472,3,8,0,1,2,NORMAL
476,50864,8080,54,1,1,0,0,8,821,2,5,0,1,1,NORMAL
455,27512,8080,50,1,1,0,0,9,3884,2,1,0,0,2,NORMAL
378,50598,123,106,1,1,0,0,1,1767,2,9,0,0,2,NORMAL
284,58751,123,65,1,1,0,0,1,2060,3,3,0,1,1,NORMAL
342,27762,53,78,1,1,0,0,2,3880,1,3,0,1,2,NORMAL
320,47253,443,103,1,1,0,0,8,3968,1,8,0,2,1,NORMAL
256,13515,8080,115,1,1,0,0,3,671,2,7,0,1,2,NORMAL
480,1192,443,88,1,1,0,0,10,4850,3,8,0,0,2,NORMAL
335,32765,443,92,1,1,0,0,9,4551,2,8,0,1,1,NORMAL
417,16674,8080,99,1,1,0,0,4,3465,1,6,0,2,2,NORMAL
421,60886,123,99,1,1,0,0,3,4157,1,3,0,2,2,NORMAL
111,58314,123,62,1,1,0,0,9,3843,1,3,0,1,1,NORMAL
98,31792,443,93,1,1,0,0,10,3356,3,2,0,1,2,NORMAL
222,42101,123,119,1,1,0,0,1,660,1,5,0,0,1,NORMAL
282,65140,53,62,1,1,0,0,8,1462,3,5,0,0,1,NORMAL
226,53200,53,87,1,1,0,0,6,3170,2,3,0,0,2,NORMAL
349,45706,80,71,1,1,0,0,3,746,3,7,0,2,1,NORMAL
314,60847,8080,68,1,1,0,0,4,3877,3,5,0,1,2,NORMAL
401,1639,123,86,1,1,0,0,9,1394,1,8,0,1,2,NORMAL
387,64071,123,82,1,1,0,0,8,2574,1,7,0,1,1,NORMAL
181,26017,8080,95,1,1,0,0,10,2523,3,5,0,0,2,NORMAL
200,1554,8080,56,1,1,0,0,10,4169,2,4,0,2,2,NORMAL
172,42745,80,82,1,1,0,0,3,895,3,1,0,1,2,NORMAL
77,39006,443,66,1,1,0,0,2,2517,2,7,0,0,1,NORMAL
127,52568,8080,96,1,1,0,0,9,4210,2,3,0,1,2,NORMAL
472,20366,443,64,1,1,0,0,8,716,1,4,0,2,2,NORMAL
493,53753,8080,96,1,1,0,0,2,3332,1,5,0,2,1,NORMAL
292,25179,443,124,1,1,0,0,7,3143,1,4,0,1,1,NORMAL
377,58973,8080,91,1,1,0,0,10,1913,3,2,0,2,2,NORMAL
418,20828,123,64,1,1,0,0,3,471,1,5,0,1,1,NORMAL
109,16411,8080,67,1,1,0,0,7,3816,2,9,0,1,1,NORMAL
272,43944,53,112,1,1,0,0,10,3443,2,1,0,2,2,NORMAL
171,30081,123,80,1,1,0,0,6,913,3,6,0,2,2,NORMAL
91,27116,443,74,1,1,0,0,2,3825,1,4,0,2,1,NORMAL
85,52587,443,81,1,1,0,0,3,4725,1,2,0,2,1,NORMAL
360,15176,80,92,1,1,0,0,3,4982,1,5,0,0,1,NORMAL
336,17450,80,64,1,1,0,0,1,1179,1,6,0,0,2,NORMAL
68,12443,443,56,1,1,0,0,3,3548,3,2,0,2,1,NORMAL
303,30402,443,115,1,1,0,0,10,993,2,9,0,0,1,NORMAL
432,52353,8080,88,1,1,0,0,8,355,1,8,0,1,2,NORMAL
411,8099,123,106,1,1,0,0,2,761,2,10,0,0,1,NORMAL
124,19047,8080,124,1,1,0,0,9,2763,2,10,0,2,2,NORMAL
292,34155,8080,105,1,1,0,0,2,1037,3,9,0,2,1,NORMAL
280,30617,80,102,1,1,0,0,6,3815,2,7,0,2,1,NORMAL
220,28992,443,82,1,1,0,0,6,1350,3,8,0,0,1,NORMAL
485,6618,53,105,1,1,0,0,2,3152,1,9,0,0,2,NORMAL
403,9034,123,95,1,1,0,0,7,521,2,10,0,1,2,NORMAL
113,38898,8080,77,1,1,0,0,3,4050,1,2,0,1,2,NORMAL
118,51002,443,123,1,1,0,0,4,3615,3,10,0,2,1,NORMAL
371,61912,443,53,1,1,0,0,3,2338,3,5,0,1,2,NORMAL
63,12912,80,122,1,1,0,0,7,670,1,1,0,0,1,NORMAL
252,28538,123,93,1,1,0,0,3,3131,2,6,0,2,1,NORMAL
86,11220,80,56,1,1,0,0,2,2329,2,7,0,1,2,NORMAL
272,18926,80,115,1,1,0,0,2,2927,2,2,0,1,2,NORMAL
329,44745,443,55,1,1,0,0,4,3337,3,1,0,0,1,NORMAL
214,62976,80,67,1,1,0,0,5,2471,2,2,0,0,2,NORMAL
442,29247,80,66,1,1,0,0,7,4462,3,4,0,2,2,NORMAL
96,27046,53,105,1,1,0,0,1,3866,1,6,0,2,2,NORMAL
353,27528,123,87,1,1,0,0,2,3418,1,6,0,0,2,NORMAL
485,46218,443,61,1,1,0,0,7,967,1,7,0,2,2,NORMAL
328,6178,123,89,1,1,0,0,6,1915,2,3,0,0,1,NORMAL
331,34444,80,94,1,1,0,0,6,1309,1,2,0,0,2,NORMAL
161,12394,8080,69,1,1,0,0,2,1551,3,8,0,1,2,NORMAL
408,61589,8080,91,1,1,0,0,6,1336,2,2,0,1,2,NORMAL
383,20869,443,125,1,1,0,0,1,2983,3,2,0,1,2,NORMAL
291,3488,53,97,1,1,0,0,5,728,3,2,0,2,2,NORMAL
296,39056,8080,55,1,1,0,0,8,4783,3,4,0,1,2,NORMAL
316,10910,53,107,1,1,0,0,2,2913,3,2,0,2,1,NORMAL
80,17260,123,106,1,1,0,0,9,4382,3,3,0,1,2,NORMAL
204,26413,123,93,1,1,0,0,10,528,3,6,0,0,2,NORMAL
108,37590,123,86,1,1,0,0,5,1331,2,2,0,2,1,NORMAL
239,21355,123,66,1,1,0,0,10,794,2,9,0,1,2,NORMAL
476,9399,8080,61,1,1,0,0,7,4265,2,1,0,1,2,NORMAL
152,63359,80,93,1,1,0,0,8,1672,1,3,0,0,1,NORMAL
211,56364,53,114,1,1,0,0,9,4413,1,6,0,2,1,NORMAL
365,25712,80,70,1,1,0,0,3,1456,3,8,0,0,2,NORMAL
246,45350,80,106,1,1,0,0,10,2434,3,8,0,0,1,NORMAL
218,64305,123,74,1,1,0,0,6,4772,2,8,0,1,2,NORMAL
317,35591,123,70,1,1,0,0,4,1233,2,1,0,2,2,NORMAL
250,37366,53,116,1,1,0,0,2,2435,1,3,0,1,2,NORMAL
322,10680,123,61,1,1,0,0,4,3795,2,1,0,1,1,NORMAL
262,33923,443,80,1,1,0,0,7,768,2,4,0,0,2,NORMAL
110,56020,443,68,1,1,0,0,3,413,2,8,0,2,1,NORMAL
448,47262,123,107,1,1,0,0,10,143,1,1,0,1,1,NORMAL
487,10822,8080,127,1,1,0,0,9,3567,1,5,0,0,2,NORMAL
122,4153,80,103,1,1,0,0,10,3844,1,2,0,1,1,NORMAL
383,34799,8080,80,1,1,0,0,3,2486,2,1,0,2,2,NORMAL
183,38423,123,73,1,1,0,0,2,4388,2,2,0,2,1,NORMAL
259,58258,123,55,1,1,0,0,7,3158,2,1,0,1,1,NORMAL
236,16826,53,124,1,1,0,0,6,1192,1,6,0,2,2,NORMAL
476,43150,80,109,1,1,0,0,8,1593,1,2,0,2,2,NORMAL
78,20255,80,55,1,1,0,0,4,443,2,5,0,2,2,NORMAL
477,36612,123,82,1,1,0,0,1,1665,2,6,0,0,2,NORMAL
199,9181,443,105,1,1,0,0,7,3702,2,6,0,0,2,NORMAL
414,33629,443,116,1,1,0,0,5,776,3,7,0,0,2,NORMAL
368,54916,80,119,1,1,0,0,5,2731,1,2,0,1,2,NORMAL
216,30247,8080,104,1,1,0,0,3,3736,2,8,0,0,2,NORMAL
374,29528,443,57,1,1,0,0,2,3427,2,9,0,2,1,NORMAL
75,10381,8080,106,1,1,0,0,1,1134,1,4,0,2,2,NORMAL
245,26114,8080,54,1,1,0,0,10,1356,3,8,0,1,2,NORMAL
287,51033,53,123,1,1,0,0,3,4437,2,7,0,1,2,NORMAL
187,63972,53,53,1,1,0,0,3,4188,3,7,0,2,1,NORMAL
194,51812,443,107,1,1,0,0,4,2439,3,8,0,0,1,NORMAL
129,56914,53,107,1,1,0,0,3,3746,1,6,0,2,2,NORMAL
423,5279,8080,119,1,1,0,0,5,2557,1,3,0,1,1,NORMAL
122,14195,80,80,1,1,0,0,8,315,2,9,0,2,2,NORMAL
299,53692,8080,66,1,1,0,0,10,806,1,5,0,1,2,NORMAL
329,27945,123,123,1,1,0,0,2,1126,2,2,0,1,2,NORMAL
408,34929,443,66,1,1,0,0,9,4915,1,3,0,1,1,NORMAL
485,9161,8080,69,1,1,0,0,5,1448,1,6,0,2,1,NORMAL
237,63118,8080,86,1,1,0,0,2,2152,1,9,0,1,1,NORMAL
380,20869,8080,118,1,1,0,0,2,4217,3,3,0,2,1,NORMAL
147,44194,8080,127,1,1,0,0,6,4717,1,1,0,0,1,NORMAL
388,51553,8080,83,1,1,0,0,4,4786,2,10,0,2,1,NORMAL
314,59285,8080,87,1,1,0,0,5,4056,1,7,0,1,2,NORMAL
97,46152,53,70,1,1,0,0,8,3504,2,8,0,0,2,NORMAL
370,10439,443,90,1,1,0,0,6,3366,1,6,0,2,1,NORMAL
223,16866,123,65,1,1,0,0,5,3783,1,3,0,0,1,NORMAL
208,62980,123,128,1,1,0,0,7,2133,1,6,0,2,2,NORMAL
157,51035,80,113,1,1,0,0,9,3924,2,5,0,1,1,NORMAL
106,62970,123,114,1,1,0,0,8,2072,1,10,0,1,1,NORMAL
85,19462,123,126,1,1,0,0,8,2440,3,1,0,0,2,NORMAL
128,58856,443,96,1,1,0,0,7,3097,1,7,0,0,1,NORMAL
245,37280,443,59,1,1,0,0,7,4230,2,9,0,1,1,NORMAL
125,64927,53,100,1,1,0,0,6,2877,3,6,0,0,1,NORMAL
368,34389,123,114,1,1,0,0,1,471,1,3,0,2,2,NORMAL
471,32071,8080,108,1,1,0,0,3,4323,1,6,0,2,2,NORMAL
143,26776,8080,88,1,1,0,0,10,2855,3,9,0,2,2,NORMAL
422,37915,443,110,1,1,0,0,1,3117,2,2,0,1,2,NORMAL
467,59925,53,126,1,1,0,0,8,2275,3,10,0,2,1,NORMAL
429,4389,8080,111,1,1,0,0,3,4394,3,10,0,1,1,NORMAL
480,45636,80,54,1,1,0,0,10,1000,1,1,0,1,2,NORMAL
274,10948,123,76,1,1,0,0,7,4210,3,8,0,2,1,NORMAL
421,10073,8080,76,1,1,0,0,9,2762,3,8,0,2,2,NORMAL
220,63721,80,108,1,1,0,0,9,2904,3,6,0,2,2,NORMAL
372,32755,80,81,1,1,0,0,5,4671,2,4,0,1,2,NORMAL
420,14608,123,90,1,1,0,0,8,2957,3,5,0,1,1,NORMAL
353,45367,8080,98,1,1,0,0,7,2927,1,5,0,0,2,NORMAL
425,6203,443,106,1,1,0,0,5,4024,1,4,0,2,2,NORMAL
347,46648,443,67,1,1,0,0,2,4907,1,4,0,0,1,NORMAL
386,16283,53,62,1,1,0,0,7,2805,3,8,0,0,1,NORMAL
62,64234,8080,70,1,1,0,0,7,3996,2,4,0,1,2,NORMAL
206,43353,53,61,1,1,0,0,10,2002,3,1,0,0,2,NORMAL
488,12544,53,100,1,1,0,0,8,1626,3,5,0,0,1,NORMAL
212,38245,8080,63,1,1,0,0,6,2431,2,9,0,2,2,NORMAL
128,56799,8080,109,1,1,0,0,5,1679,1,6,0,0,2,NORMAL
391,17884,80,51,1,1,0,0,6,2516,3,4,0,0,2,NORMAL
483,29053,8080,91,1,1,0,0,2,3383,3,2,0,0,1,NORMAL
304,22231,80,50,1,1,0,0,5,3242,1,8,0,1,2,NORMAL
214,39196,8080,51,1,1,0,0,5,3045,3,4,0,0,1,NORMAL
298,21130,80,101,1,1,0,0,9,2647,3,2,0,2,2,NORMAL
248,41304,80,78,1,1,0,0,3,4017,1,8,0,2,2,NORMAL
272,47026,8080,110,1,1,0,0,9,1889,1,10,0,0,2,NORMAL
330,47146,443,59,1,1,0,0,10,1019,1,9,0,2,1,NORMAL
353,36194,80,71,1,1,0,0,6,4362,2,2,0,2,1,NORMAL
427,39241,123,61,1,1,0,0,9,3749,1,8,0,0,2,NORMAL
293,37980,53,121,1,1,0,0,8,2624,3,1,0,1,2,NORMAL
478,1221,80,124,1,1,0,0,2,471,2,6,0,2,1,NORMAL
337,4972,53,110,1,1,0,0,1,2451,2,3,0,0,2,NORMAL
251,59438,123,107,1,1,0,0,7,3177,1,9,0,0,2,NORMAL
120,12720,8080,100,1,1,0,0,9,1143,3,4,0,0,1,NORMAL
212,31367,8080,104,1,1,0,0,9,3207,1,4,0,1,2,NORMAL
139,19088,80,64,1,1,0,0,1,3534,3,1,0,0,1,NORMAL
94,7636,8080,54,1,1,0,0,8,4997,3,1,0,0,1,NORMAL
265,29791,80,119,1,1,0,0,4,562,1,9,0,1,1,NORMAL
477,61080,8080,90,1,1,0,0,10,4998,3,6,0,0,2,NORMAL
133,44291,8080,78,1,1,0,0,7,2561,2,1,0,2,1,NORMAL
380,45506,123,121,1,1,0,0,8,484,2,7,0,2,2,NORMAL
416,28308,123,69,1,1,0,0,5,3183,1,9,0,1,1,NORMAL
494,15792,443,68,1,1,0,0,8,572,3,7,0,1,1,NORMAL
258,16939,443,76,1,1,0,0,6,747,2,6,0,0,1,NORMAL
86,18617,123,127,1,1,0,0,10,423,1,4,0,2,1,NORMAL
305,14713,443,88,1,1,0,0,1,1835,1,2,0,2,2,NORMAL
184,46612,8080,76,1,1,0,0,7,2060,3,6,0,1,2,NORMAL
298,35997,443,89,1,1,0,0,5,3046,3,8,0,1,1,NORMAL
471,65335,123,90,1,1,0,0,4,3136,2,7,0,0,1,NORMAL
439,10587,53,83,1,1,0,0,9,4884,3,7,0,1,1,NORMAL
160,22642,80,98,1,1,0,0,10,2113,2,9,0,2,2,NORMAL
191,51051,123,112,1,1,0,0,8,1478,3,6,0,0,1,NORMAL
428,36842,123,73,1,1,0,0,9,581,3,1,0,0,1,NORMAL
451,1442,123,67,1,1,0,0,4,656,3,3,0,0,1,NORMAL
318,30909,443,57,1,1,0,0,10,4058,3,8,0,0,1,NORMAL
332,37176,123,51,1,1,0,0,1,4436,3,5,0,2,2,NORMAL
68,33937,123,72,1,1,0,0,2,889,3,3,0,0,1,NORMAL
377,35525,443,95,1,1,0,0,5,3351,1,6,0,1,2,NORMAL
349,16962,80,88,1,1,0,0,2,359,1,7,0,1,2,NORMAL
342,32219,53,51,1,1,0,0,3,777,2,7,0,2,2,NORMAL
349,65074,53,117,1,1,0,0,1,1982,1,10,0,1,2,NORMAL
83,61589,53,85,1,1,0,0,9,4716,3,1,0,0,2,NORMAL
68,64034,80,125,1,1,0,0,3,3362,1,5,0,0,1,NORMAL
350,55723,123,119,1,1,0,0,6,3244,3,3,0,2,1,NORMAL
316,49878,443,56,1,1,0,0,2,3680,1,2,0,1,2,NORMAL
456,22413,53,84,1,1,0,0,8,4119,1,6,0,2,2,NORMAL
281,13196,8080,98,1,1,0,0,2,2519,1,2,0,0,2,NORMAL
138,25927,80,99,1,1,0,0,6,3054,1,2,0,0,2,NORMAL
287,24611,443,63,1,1,0,0,3,815,1,7,0,1,2,NORMAL
112,2745,53,95,1,1,0,0,9,862,3,10,0,1,2,NORMAL
66,20150,123,99,1,1,0,0,2,4683,1,10,0,2,1,NORMAL
410,25975,80,67,1,1,0,0,5,2566,2,8,0,0,1,NORMAL
145,29510,443,103,1,1,0,0,5,4066,1,6,0,1,1,NORMAL
429,41986,123,126,1,1,0,0,10,1701,2,2,0,0,2,NORMAL
63,63206,123,92,1,1,0,0,10,3212,2,8,0,1,2,NORMAL
477,54995,8080,67,1,1,0,0,5,2726,3,4,0,1,2,NORMAL
150,64238,123,90,1,1,0,0,5,4122,3,4,0,1,2,NORMAL
203,54533,123,96,1,1,0,0,2,4719,1,10,0,2,1,NORMAL
409,51330,8080,53,1,1,0,0,8,1817,2,5,0,2,1,NORMAL
479,56584,123,113,1,1,0,0,3,2580,1,5,0,2,1,NORMAL
426,28754,123,59,1,1,0,0,8,4998,2,10,0,1,2,NORMAL
338,3433,443,118,1,1,0,0,10,796,1,4,0,2,2,NORMAL
145,43425,8080,55,1,1,0,0,10,3373,2,7,0,0,1,NORMAL
110,17980,80,115,1,1,0,0,9,4671,3,10,0,0,2,NORMAL
251,26657,123,125,1,1,0,0,9,1334,2,1,0,1,1,NORMAL
211,28285,53,64,1,1,0,0,3,2953,2,6,0,1,1,NORMAL
326,32673,443,110,1,1,0,0,2,3689,3,8,0,1,1,NORMAL
213,3952,53,52,1,1,0,0,6,995,3,3,0,2,1,NORMAL
324,12456,8080,70,1,1,0,0,6,4686,2,8,0,0,2,NORMAL
382,13112,80,105,1,1,0,0,7,339,3,10,0,0,2,NORMAL
363,29175,123,50,1,1,0,0,4,1785,2,2,0,2,1,NORMAL
469,58170,8080,73,1,1,0,0,6,2770,1,8,0,0,2,NORMAL
403,57557,123,117,1,1,0,0,6,4990,2,10,0,1,1,NORMAL
238,24091,123,72,1,1,0,0,5,4934,1,3,0,1,1,NORMAL
182,21037,53,73,1,1,0,0,6,1258,3,7,0,1,1,NORMAL
354,26170,123,73,1,1,0,0,8,4502,3,3,0,2,1,NORMAL
310,19953,80,73,1,1,0,0,6,3794,3,1,0,1,1,NORMAL
308,9971,80,99,1,1,0,0,9,4240,3,8,0,1,2,NORMAL
272,47563,123,112,1,1,0,0,3,777,3,1,0,0,2,NORMAL
76,19036,80,118,1,1,0,0,5,1477,2,10,0,2,2,NORMAL
341,34500,53,123,1,1,0,0,2,2294,3,6,0,2,1,NORMAL
449,48143,123,119,1,1,0,0,4,3582,1,4,0,1,1,NORMAL
290,18247,443,61,1,1,0,0,8,1061,1,4,0,2,2,NORMAL
500,47603,8080,104,1,1,0,0,3,1240,1,4,0,0,2,NORMAL
332,19445,8080,118,1,1,0,0,3,2751,3,5,0,1,2,NORMAL
499,34736,53,67,1,1,0,0,7,585,2,3,0,2,1,NORMAL
187,10608,443,81,1,1,0,0,7,4109,1,10,0,2,2,NORMAL
381,28170,123,107,1,1,0,0,2,862,2,9,0,2,2,NORMAL
415,62387,443,108,1,1,0,0,8,2781,3,1,0,2,1,NORMAL
434,64734,123,95,1,1,0,0,2,4478,2,4,0,1,1,NORMAL
313,18622,443,86,1,1,0,0,6,4583,3,3,0,2,2,NORMAL
463,23551,53,55,1,1,0,0,2,3864,1,2,0,0,2,NORMAL
293,1068,123,75,1,1,0,0,3,2572,1,5,0,0,2,NORMAL
188,6425,443,71,1,1,0,0,1,3346,3,5,0,2,1,NORMAL
279,43981,53,62,1,1,0,0,1,1848,2,2,0,0,1,NORMAL
325,45587,123,51,1,1,0,0,1,2914,1,7,0,2,1,NORMAL
304,5665,80,99,1,1,0,0,2,939,1,6,0,1,2,NORMAL
130,26106,80,68,1,1,0,0,2,4445,3,1,0,2,1,NORMAL
285,24039,80,69,1,1,0,0,7,3724,1,2,0,0,1,NORMAL
445,9095,8080,99,1,1,0,0,6,3617,2,3,0,0,2,NORMAL
390,6545,80,120,1,1,0,0,10,2434,3,1,0,2,2,NORMAL
165,34955,8080,115,1,1,0,0,4,3309,2,1,0,0,2,NORMAL
257,8412,80,113,1,1,0,0,10,681,3,1,0,1,2,NORMAL
127,26375,8080,103,1,1,0,0,6,4575,3,3,0,1,1,NORMAL
68,39517,53,51,1,1,0,0,5,1867,1,1,0,1,2,NORMAL
381,47726,8080,103,1,1,0,0,7,3395,1,9,0,2,1,NORMAL
202,6502,443,60,1,1,0,0,9,1764,1,9,0,1,2,NORMAL
360,42593,53,89,1,1,0,0,7,2054,1,4,0,0,2,NORMAL
119,30736,8080,127,1,1,0,0,1,2633,3,3,0,0,1,NORMAL
422,10016,53,70,1,1,0,0,8,2940,3,9,0,2,2,NORMAL
145,25394,80,84,1,1,0,0,2,340,2,7,0,1,1,NORMAL
194,47706,8080,59,1,1,0,0,8,3828,3,6,0,0,2,NORMAL
499,38175,80,97,1,1,0,0,3,2189,1,10,0,2,1,NORMAL
176,49571,8080,50,1,1,0,0,1,200,1,1,0,1,2,NORMAL
256,61331,80,72,1,1,0,0,1,4629,3,7,0,0,2,NORMAL
187,28303,443,84,1,1,0,0,2,4782,2,2,0,2,1,NORMAL
151,15650,8080,55,1,1,0,0,7,664,2,5,0,1,2,NORMAL
104,37271,123,51,1,1,0,0,6,1743,2,10,0,1,1,NORMAL
297,25159,8080,113,1,1,0,0,4,4577,1,3,0,0,2,NORMAL
72,16293,8080,94,1,1,0,0,1,2844,1,7,0,2,2,NORMAL
113,14471,8080,80,1,1,0,0,7,4130,1,3,0,2,2,NORMAL
107,3901,80,116,1,1,0,0,7,3151,2,2,0,2,1,NORMAL
318,9773,123,59,1,1,0,0,10,4751,1,7,0,2,1,NORMAL
181,20139,443,90,1,1,0,0,7,2772,2,8,0,1,1,NORMAL
98,62860,80,67,1,1,0,0,10,992,1,2,0,0,2,NORMAL
298,21604,123,65,1,1,0,0,9,3035,1,8,0,1,2,NORMAL
195,56892,53,61,1,1,0,0,3,2592,3,10,0,0,1,NORMAL
487,57160,443,68,1,1,0,0,2,2133,2,7,0,2,1,NORMAL
406,20608,443,72,1,1,0,0,1,3412,2,9,0,2,1,NORMAL
108,31304,53,67,1,1,0,0,2,197,1,4,0,0,1,NORMAL
481,27276,443,60,1,1,0,0,10,4901,2,2,0,0,1,NORMAL
161,60169,123,66,1,1,0,0,2,2816,1,1,0,1,1,NORMAL
146,61587,8080,105,1,1,0,0,7,4164,1,7,0,2,2,NORMAL
148,24220,80,73,1,1,0,0,5,2392,2,3,0,0,1,NORMAL
391,20364,123,102,1,1,0,0,9,4024,1,2,0,1,2,NORMAL
130,28498,80,117,1,1,0,0,4,4553,1,7,0,2,2,NORMAL
305,36709,123,94,1,1,0,0,10,4215,2,7,0,1,1,NORMAL
73,21921,8080,78,1,1,0,0,1,2401,1,8,0,2,2,NORMAL
452,39296,80,70,1,1,0,0,2,2130,3,4,0,1,1,NORMAL
451,63139,80,123,1,1,0,0,7,3006,1,3,0,0,2,NORMAL
472,49396,443,125,1,1,0,0,1,2980,3,10,0,0,1,NORMAL
488,54134,123,119,1,1,0,0,5,1538,2,1,0,0,1,NORMAL
179,40454,80,52,1,1,0,0,9,4015,1,6,0,2,1,NORMAL
472,9575,443,72,1,1,0,0,6,587,1,3,0,2,1,NORMAL
456,8293,8080,96,1,1,0,0,2,3160,3,7,0,2,1,NORMAL
232,20800,443,67,1,1,0,0,3,3678,3,8,0,2,2,NORMAL
149,47369,8080,128,1,1,0,0,6,1928,3,10,0,0,2,NORMAL
217,49127,443,66,1,1,0,0,3,114,3,10,0,1,1,NORMAL
153,40502,443,128,1,1,0,0,4,4732,1,8,0,0,2,NORMAL
441,6123,80,94,1,1,0,0,6,1475,3,2,0,2,2,NORMAL
288,1770,443,76,1,1,0,0,4,655,2,5,0,0,1,NORMAL
84,26316,123,103,1,1,0,0,3,3491,2,7,0,1,2,NORMAL
111,55340,123,123,1,1,0,0,4,1432,2,2,0,0,2,NORMAL
70,21911,443,63,1,1,0,0,2,2900,1,7,0,0,1,NORMAL
340,62748,53,93,1,1,0,0,10,4054,3,1,0,1,1,NORMAL
370,59334,123,70,1,1,0,0,1,929,2,4,0,0,2,NORMAL
416,37338,8080,83,1,1,0,0,5,2536,1,2,0,0,2,NORMAL
352,37046,123,69,1,1,0,0,1,3055,1,7,0,0,2,NORMAL
481,44410,8080,111,1,1,0,0,4,894,1,4,0,0,2,NORMAL
101,32059,53,89,1,1,0,0,7,3957,2,5,0,0,2,NORMAL
154,25339,123,97,1,1,0,0,3,3751,1,5,0,1,2,NORMAL
194,15851,443,122,1,1,0,0,1,1338,3,2,0,0,2,NORMAL
473,36508,123,125,1,1,0,0,4,4635,1,7,0,2,2,NORMAL
334,46051,123,123,1,1,0,0,4,4001,2,2,0,1,1,NORMAL
317,38459,8080,123,1,1,0,0,10,1307,1,8,0,0,1,NORMAL
168,54007,80,66,1,1,0,0,1,3568,1,7,0,0,1,NORMAL
487,40021,443,90,1,1,0,0,2,812,2,9,0,1,2,NORMAL
498,19125,8080,108,1,1,0,0,1,4913,3,7,0,0,2,NORMAL
136,10736,8080,125,1,1,0,0,10,920,1,10,0,0,2,NORMAL
334,58704,443,102,1,1,0,0,5,3237,3,8,0,2,2,NORMAL
79,12309,443,101,1,1,0,0,3,3390,1,7,0,1,1,NORMAL
85,49897,123,84,1,1,0,0,6,265,2,5,0,1,2,NORMAL
491,33242,53,79,1,1,0,0,3,2561,3,8,0,1,2,NORMAL
433,28337,8080,61,1,1,0,0,4,3718,1,7,0,2,2,NORMAL
448,34873,443,57,1,1,0,0,9,1402,1,5,0,2,2,NORMAL
129,52175,8080,122,1,1,0,0,1,1523,1,4,0,0,1,NORMAL
76,30937,53,96,1,1,0,0,4,2344,2,8,0,2,2,NORMAL
385,61518,53,53,1,1,0,0,4,3151,2,10,0,1,1,NORMAL
302,39485,8080,94,1,1,0,0,6,1439,2,2,0,1,1,NORMAL
257,4277,80,123,1,1,0,0,4,1913,3,4,0,2,1,NORMAL
197,43726,123,115,1,1,0,0,1,172,2,3,0,2,1,NORMAL
367,53509,53,78,1,1,0,0,5,2602,3,5,0,1,2,NORMAL
496,23877,123,82,1,1,0,0,4,3923,2,9,0,2,2,NORMAL
359,7729,53,115,1,1,0,0,6,4699,3,10,0,2,2,NORMAL
212,45877,53,111,1,1,0,0,2,2854,2,6,0,1,2,NORMAL
395,47626,443,74,1,1,0,0,3,4337,1,1,0,2,2,NORMAL
398,21968,80,53,1,1,0,0,8,2521,2,7,0,1,2,NORMAL
437,3338,8080,123,1,1,0,0,4,2911,3,4,0,2,2,NORMAL
403,24518,8080,88,1,1,0,0,3,4673,1,5,0,0,2,NORMAL
125,49580,443,121,1,1,0,0,3,2849,3,2,0,0,2,NORMAL
174,49796,443,103,1,1,0,0,6,3144,2,10,0,1,2,NORMAL
495,8742,123,56,1,1,0,0,10,4853,3,2,0,1,1,NORMAL
316,8876,123,117,1,1,0,0,5,3484,1,3,0,0,1,NORMAL
235,27840,8080,108,1,1,0,0,3,2691,3,3,0,0,2,NORMAL
230,42379,80,90,1,1,0,0,1,138,2,5,0,0,1,NORMAL
355,51125,80,112,1,1,0,0,2,1160,3,7,0,2,2,NORMAL
266,29140,123,99,1,1,0,0,1,409,3,4,0,2,2,NORMAL
67,59482,443,117,1,1,0,0,4,246,3,1,0,2,1,NORMAL
175,46474,443,89,1,1,0,0,3,941,2,9,0,2,2,NORMAL
145,5302,53,88,1,1,0,0,5,3834,3,9,0,2,2,NORMAL
282,59218,80,93,1,1,0,0,8,3042,1,3,0,1,1,NORMAL
176,15725,80,77,1,1,0,0,1,4930,3,3,0,0,2,NORMAL
424,43657,53,98,1,1,0,0,5,4480,3,1,0,2,1,NORMAL
398,8109,53,56,1,1,0,0,2,3514,2,7,0,0,2,NORMAL
302,47021,80,76,1,1,0,0,1,2566,2,2,0,2,2,NORMAL
378,40714,80,103,1,1,0,0,2,4290,3,10,0,0,2,NORMAL
118,52454,53,113,1,1,0,0,4,1736,2,9,0,0,2,NORMAL
420,27877,443,70,1,1,0,0,1,4590,2,4,0,2,2,NORMAL
229,16392,53,51,1,1,0,0,2,1004,3,8,0,0,1,NORMAL
459,34559,53,62,1,1,0,0,5,1993,2,5,0,1,2,NORMAL
85,7565,80,55,1,1,0,0,5,3050,3,6,0,1,1,NORMAL
108,56811,53,51,1,1,0,0,3,1496,2,6,0,1,2,NORMAL
435,7115,443,93,1,1,0,0,3,1032,2,7,0,1,2,NORMAL
487,26302,123,103,1,1,0,0,3,1026,1,1,0,0,1,NORMAL
273,60742,8080,111,1,1,0,0,10,3689,1,10,0,1,2,NORMAL
373,2912,80,111,1,1,0,0,8,1025,2,8,0,0,1,NORMAL
193,43948,443,51,1,1,0,0,9,4823,3,10,0,0,2,NORMAL
325,35306,8080,62,1,1,0,0,7,2136,2,6,0,2,2,NORMAL
136,56010,8080,128,1,1,0,0,1,195,3,3,0,2,2,NORMAL
496,33519,80,59,1,1,0,0,8,2726,1,6,0,1,1,NORMAL
319,15619,8080,98,1,1,0,0,7,2025,1,8,0,1,2,NORMAL
105,57161,123,107,1,1,0,0,6,1072,2,1,0,0,2,NORMAL
271,3372,8080,120,1,1,0,0,1,844,3,10,0,2,2,NORMAL
320,37877,80,108,1,1,0,0,6,3076,1,4,0,1,2,NORMAL
346,51317,8080,126,1,1,0,0,8,3076,3,8,0,0,1,NORMAL
448,44206,80,50,1,1,0,0,6,3009,3,5,0,2,2,NORMAL
419,7991,53,71,1,1,0,0,8,1250,3,7,0,0,2,NORMAL
372,13863,80,65,1,1,0,0,7,1866,2,4,0,2,2,NORMAL
115,50644,123,55,1,1,0,0,10,1109,2,8,0,2,1,NORMAL
315,1308,8080,56,1,1,0,0,9,3645,3,8,0,2,1,NORMAL
414,38940,80,66,1,1,0,0,2,3273,3,10,0,2,2,NORMAL
318,58786,123,103,1,1,0,0,10,2133,2,7,0,1,2,NORMAL
291,53767,80,67,1,1,0,0,7,4296,2,9,0,1,1,NORMAL
162,14767,8080,87,1,1,0,0,6,1186,3,3,0,2,2,NORMAL
423,8587,443,121,1,1,0,0,8,4874,3,7,0,2,2,NORMAL
493,28705,53,116,1,1,0,0,2,307,2,3,0,0,1,NORMAL
162,18520,80,86,1,1,0,0,5,1299,1,5,0,0,1,NORMAL
243,54372,123,63,1,1,0,0,10,4702,1,9,0,1,1,NORMAL
321,52424,443,56,1,1,0,0,7,3274,2,6,0,2,1,NORMAL
66,49761,443,75,1,1,0,0,10,3729,1,6,0,2,1,NORMAL
457,48531,80,87,1,1,0,0,8,1553,3,2,0,0,1,NORMAL
436,34699,53,98,1,1,0,0,1,3610,2,9,0,1,1,NORMAL
142,39296,443,50,1,1,0,0,6,3920,3,3,0,0,1,NORMAL
225,40141,53,128,1,1,0,0,5,4118,3,9,0,1,1,NORMAL
461,47402,443,117,1,1,0,0,4,1606,3,2,0,2,1,NORMAL
272,36615,8080,101,1,1,0,0,2,2962,1,4,0,2,2,NORMAL
229,24669,443,77,1,1,0,0,10,4445,2,9,0,2,1,NORMAL
118,44863,443,107,1,1,0,0,4,2097,1,6,0,1,1,NORMAL
257,17839,8080,86,1,1,0,0,1,4334,2,9,0,2,2,NORMAL
309,3897,443,74,1,1,0,0,6,4309,1,2,0,0,1,NORMAL
380,5314,80,77,1,1,0,0,7,951,1,9,0,2,2,NORMAL
44,54474,315,43,1,0,1,0,52,810,21,0,1,0,30,PORT_SCAN
56,48287,145,113,1,0,0,0,43,3839,59,3,20,0,59,PORT_SCAN
67,40367,35,89,1,0,0,0,78,548,92,0,18,0,13,PORT_SCAN
44,41721,218,77,1,0,1,0,87,1208,46,3,12,0,58,PORT_SCAN
41,45531,321,108,1,0,0,0,27,6617,60,2,20,0,26,PORT_SCAN
59,52193,765,41,1,0,0,0,25,842,10,3,17,0,78,PORT_SCAN
45,39984,431,84,1,0,0,0,62,7918,92,1,5,0,31,PORT_SCAN
54,50214,518,64,1,0,0,0,33,5996,82,0,17,0,67,PORT_SCAN
75,32396,596,125,1,0,0,0,42,1304,35,3,10,0,53,PORT_SCAN
48,51997,481,52,1,0,1,0,89,1071,34,2,15,0,65,PORT_SCAN
61,50196,627,128,1,0,0,0,82,5143,56,2,13,0,29,PORT_SCAN
40,40263,505,68,1,0,1,0,45,7382,56,1,10,0,69,PORT_SCAN
69,44593,735,79,1,0,1,0,80,1391,32,0,8,0,25,PORT_SCAN
74,36436,540,120,1,0,0,0,19,7808,12,0,18,0,82,PORT_SCAN
65,55205,436,44,1,0,1,0,79,7823,79,3,20,0,27,PORT_SCAN
63,42861,458,115,1,0,1,0,27,4306,74,0,12,0,54,PORT_SCAN
72,30347,490,118,1,0,0,0,75,1649,67,1,5,0,80,PORT_SCAN
76,51607,300,101,1,0,1,0,15,2292,72,1,2,0,41,PORT_SCAN
63,37668,88,125,1,0,0,0,76,7936,56,3,15,0,66,PORT_SCAN
42,31307,664,53,1,0,1,0,43,5240,79,1,12,0,91,PORT_SCAN
64,41970,160,106,1,0,1,0,58,7932,38,3,11,0,52,PORT_SCAN
71,55973,988,117,1,0,0,0,74,7725,27,3,5,0,37,PORT_SCAN
44,46860,576,67,1,0,0,0,33,1789,56,0,7,0,61,PORT_SCAN
61,53601,233,101,1,0,1,0,71,2226,85,1,20,0,60,PORT_SCAN
41,37984,89,56,1,0,0,0,27,5657,75,0,18,0,26,PORT_SCAN
43,35450,529,63,1,0,1,0,86,5117,91,0,9,0,18,PORT_SCAN
53,44719,966,101,1,0,0,0,38,7302,62,1,18,0,31,PORT_SCAN
79,51615,542,61,1,0,1,0,68,5386,85,0,7,0,56,PORT_SCAN
64,34332,223,42,1,0,0,0,76,7541,74,3,4,0,85,PORT_SCAN
46,35813,975,118,1,0,0,0,78,4623,25,0,15,0,92,PORT_SCAN
48,59556,3,126,1,0,1,0,76,3946,57,0,16,0,62,PORT_SCAN
54,56289,988,88,1,0,1,0,85,7091,99,0,13,0,25,PORT_SCAN
56,45634,477,50,1,0,1,0,86,7682,79,3,8,0,32,PORT_SCAN
40,53237,15,113,1,0,0,0,76,558,58,1,10,0,60,PORT_SCAN
63,33492,317,94,1,0,1,0,43,7503,78,3,18,0,54,PORT_SCAN
79,39029,814,66,1,0,1,0,80,6920,81,3,5,0,55,PORT_SCAN
75,48183,991,72,1,0,1,0,83,3320,100,3,4,0,92,PORT_SCAN
47,54504,471,97,1,0,0,0,22,2256,75,3,10,0,78,PORT_SCAN
79,52841,107,60,1,0,1,0,91,543,21,1,15,0,84,PORT_SCAN
67,32888,132,73,1,0,0,0,57,1155,87,0,12,0,59,PORT_SCAN
79,51501,587,116,1,0,0,0,32,5745,73,3,0,0,33,PORT_SCAN
73,39371,399,44,1,0,0,0,88,1888,96,0,11,0,38,PORT_SCAN
40,35159,178,75,1,0,1,0,55,5985,60,3,18,0,33,PORT_SCAN
73,30503,141,51,1,0,1,0,81,7995,84,2,11,0,43,PORT_SCAN
54,49869,399,98,1,0,1,0,83,538,43,1,13,0,72,PORT_SCAN
46,48305,149,104,1,0,1,0,53,1458,75,2,17,0,81,PORT_SCAN
56,52747,907,88,1,0,1,0,41,6705,53,3,14,0,83,PORT_SCAN
41,45793,239,73,1,0,0,0,58,5690,38,1,10,0,60,PORT_SCAN
62,46924,20,73,1,0,0,0,46,1261,61,2,2,0,78,PORT_SCAN
51,45615,643,85,1,0,0,0,83,2704,33,1,15,0,33,PORT_SCAN
55,54098,496,73,1,0,0,0,39,2161,41,2,4,0,21,PORT_SCAN
47,32571,1009,118,1,0,0,0,79,846,71,2,19,0,48,PORT_SCAN
71,59429,563,102,1,0,0,0,75,2795,60,1,18,0,24,PORT_SCAN
43,47227,867,101,1,0,0,0,74,3344,60,1,14,0,23,PORT_SCAN
73,45075,647,128,1,0,0,0,11,6022,36,3,18,0,20,PORT_SCAN
60,41848,532,63,1,0,1,0,40,2706,70,2,11,0,31,PORT_SCAN
71,43891,432,93,1,0,1,0,56,7498,61,2,14,0,31,PORT_SCAN
76,34297,469,52,1,0,1,0,40,5049,65,3,6,0,26,PORT_SCAN
49,45498,20,62,1,0,1,0,73,1601,90,2,15,0,46,PORT_SCAN
56,48420,98,90,1,0,0,0,98,1838,17,1,8,0,68,PORT_SCAN
80,33155,922,82,1,0,1,0,56,3451,81,2,11,0,10,PORT_SCAN
66,33972,720,126,1,0,0,0,83,5217,93,1,9,0,53,PORT_SCAN
60,52059,999,97,1,0,0,0,58,5527,46,3,20,0,26,PORT_SCAN
50,50990,691,93,1,0,1,0,19,1148,30,2,7,0,48,PORT_SCAN
60,51397,597,74,1,0,1,0,44,7771,66,2,18,0,74,PORT_SCAN
68,43565,343,63,1,0,0,0,26,6461,40,2,2,0,34,PORT_SCAN
50,43010,211,52,1,0,0,0,70,4992,16,0,12,0,75,PORT_SCAN
45,33405,538,119,1,0,0,0,20,5864,59,2,7,0,39,PORT_SCAN
58,44521,259,56,1,0,0,0,13,787,94,2,10,0,68,PORT_SCAN
69,58537,558,110,1,0,1,0,27,6214,79,1,18,0,84,PORT_SCAN
69,50678,891,107,1,0,1,0,54,4445,79,1,2,0,64,PORT_SCAN
59,41985,845,73,1,0,0,0,48,586,10,1,11,0,44,PORT_SCAN
70,47534,18,128,1,0,1,0,71,2954,11,3,9,0,84,PORT_SCAN
54,56108,15,110,1,0,1,0,34,3872,81,3,12,0,39,PORT_SCAN
50,53427,799,88,1,0,0,0,43,1148,64,1,16,0,86,PORT_SCAN
57,39328,551,92,1,0,0,0,18,1994,27,2,3,0,89,PORT_SCAN
69,50241,928,74,1,0,1,0,34,3126,12,1,1,0,76,PORT_SCAN
41,36092,210,76,1,0,1,0,26,6358,66,0,7,0,19,PORT_SCAN
49,30482,1011,67,1,0,1,0,63,3052,73,2,14,0,97,PORT_SCAN
42,40821,165,58,1,0,0,0,44,6854,60,0,17,0,68,PORT_SCAN
51,36297,513,88,1,0,0,0,25,6792,41,3,14,0,39,PORT_SCAN
42,36526,944,52,1,0,0,0,70,3687,97,2,10,0,28,PORT_SCAN
80,53862,87,110,1,0,0,0,42,4442,91,2,6,0,54,PORT_SCAN
43,58300,447,54,1,0,0,0,91,4056,51,0,5,0,43,PORT_SCAN
77,33920,811,71,1,0,0,0,15,5260,98,3,19,0,27,PORT_SCAN
63,55257,184,71,1,0,0,0,73,1248,97,2,20,0,15,PORT_SCAN
43,41649,316,108,1,0,0,0,26,4496,39,2,17,0,90,PORT_SCAN
62,56395,899,64,1,0,0,0,98,3594,55,1,8,0,13,PORT_SCAN
71,53154,897,111,1,0,1,0,79,6210,72,1,18,0,31,PORT_SCAN
74,41392,663,99,1,0,1,0,86,7991,80,1,2,0,75,PORT_SCAN
49,44725,606,73,1,0,1,0,68,505,91,3,5,0,10,PORT_SCAN
79,58076,746,119,1,0,0,0,51,6406,18,3,6,0,75,PORT_SCAN
71,55091,316,118,1,0,1,0,51,3857,92,2,3,0,20,PORT_SCAN
73,51590,137,45,1,0,0,0,32,7655,14,1,3,0,70,PORT_SCAN
52,33235,66,113,1,0,1,0,94,4513,77,2,1,0,54,PORT_SCAN
54,49855,146,41,1,0,0,0,93,4525,20,3,20,0,15,PORT_SCAN
63,48285,852,87,1,0,0,0,88,2677,77,0,2,0,46,PORT_SCAN
44,37074,199,52,1,0,0,0,78,3656,34,1,16,0,92,PORT_SCAN
55,48678,367,111,1,0,1,0,23,6777,91,2,14,0,97,PORT_SCAN
67,58928,214,61,1,0,0,0,80,3789,74,2,5,0,76,PORT_SCAN
78,44516,722,80,1,0,1,0,57,3877,91,3,10,0,85,PORT_SCAN
55,48453,439,88,1,0,1,0,56,4206,67,3,0,0,100,PORT_SCAN
42,39321,34,106,1,0,0,0,48,553,48,1,6,0,48,PORT_SCAN
41,55281,566,110,1,0,0,0,22,809,68,2,4,0,25,PORT_SCAN
56,42028,512,69,1,0,1,0,48,1252,83,3,18,0,35,PORT_SCAN
44,53710,665,101,1,0,0,0,72,7264,98,0,19,0,90,PORT_SCAN
59,31224,782,50,1,0,0,0,52,3350,65,3,3,0,37,PORT_SCAN
78,30374,784,46,1,0,1,0,77,837,50,1,10,0,72,PORT_SCAN
54,35019,104,126,1,0,1,0,67,6667,86,0,7,0,63,PORT_SCAN
58,55767,808,58,1,0,0,0,53,1176,70,0,17,0,59,PORT_SCAN
56,32787,817,104,1,0,1,0,99,1568,27,3,17,0,33,PORT_SCAN
71,42953,402,111,1,0,0,0,41,1086,44,3,10,0,95,PORT_SCAN
76,32935,231,125,1,0,1,0,64,3492,54,1,10,0,52,PORT_SCAN
78,51476,50,79,1,0,0,0,54,5548,66,1,14,0,13,PORT_SCAN
54,36543,766,59,1,0,0,0,24,6558,16,1,19,0,26,PORT_SCAN
58,30450,704,128,1,0,0,0,49,4186,70,0,10,0,34,PORT_SCAN
74,36942,418,109,1,0,1,0,80,4456,89,1,0,0,56,PORT_SCAN
77,59689,90,72,1,0,0,0,17,2826,35,2,1,0,67,PORT_SCAN
40,32182,796,124,1,0,1,0,94,7480,94,2,3,0,10,PORT_SCAN
58,58423,792,69,1,0,1,0,75,6313,22,2,15,0,84,PORT_SCAN
74,32884,382,65,1,0,1,0,81,6336,12,0,7,0,75,PORT_SCAN
59,40930,1004,90,1,0,0,0,12,3340,97,2,11,0,88,PORT_SCAN
59,37739,565,47,1,0,1,0,59,7794,13,2,7,0,27,PORT_SCAN
61,59398,805,124,1,0,0,0,21,6479,58,1,13,0,38,PORT_SCAN
76,35005,874,79,1,0,1,0,67,4941,26,1,20,0,25,PORT_SCAN
77,47739,415,57,1,0,1,0,98,6276,77,1,13,0,26,PORT_SCAN
76,35178,651,48,1,0,0,0,33,3101,28,0,10,0,60,PORT_SCAN
66,39940,908,121,1,0,1,0,29,6882,34,0,4,0,31,PORT_SCAN
41,54983,547,117,1,0,0,0,86,2402,39,0,11,0,18,PORT_SCAN
70,34393,961,123,1,0,1,0,33,7480,59,3,15,0,25,PORT_SCAN
50,36332,464,44,1,0,1,0,11,2710,62,1,6,0,34,PORT_SCAN
44,35802,900,118,1,0,1,0,98,3161,68,1,13,0,59,PORT_SCAN
42,49920,780,80,1,0,1,0,88,6582,83,0,16,0,21,PORT_SCAN
68,44971,87,71,1,0,1,0,15,5068,59,0,6,0,45,PORT_SCAN
68,43042,624,76,1,0,1,0,31,3960,47,0,16,0,26,PORT_SCAN
69,57193,926,51,1,0,0,0,33,6879,84,1,12,0,60,PORT_SCAN
60,44774,52,62,1,0,1,0,85,7845,35,3,2,0,40,PORT_SCAN
60,52666,336,55,1,0,0,0,24,6285,67,2,2,0,75,PORT_SCAN
64,53818,328,88,1,0,1,0,15,6793,31,2,18,0,92,PORT_SCAN
49,35312,297,62,1,0,0,0,63,3023,49,3,9,0,88,PORT_SCAN
51,33852,270,65,1,0,0,0,89,6770,42,0,14,0,71,PORT_SCAN
71,47809,12,117,1,0,1,0,40,2276,85,3,14,0,60,PORT_SCAN
68,32601,14,71,1,0,1,0,89,5649,81,1,1,0,31,PORT_SCAN
49,31804,715,44,1,0,0,0,14,5964,83,2,10,0,19,PORT_SCAN
43,33568,854,62,1,0,0,0,96,2829,88,1,14,0,82,PORT_SCAN
63,31174,191,78,1,0,1,0,57,7852,58,0,13,0,78,PORT_SCAN
44,39595,965,57,1,0,0,0,98,7540,45,2,16,0,60,PORT_SCAN
73,36876,429,118,1,0,0,0,23,5180,90,0,15,0,100,PORT_SCAN
78,55827,589,94,1,0,1,0,43,4804,83,2,4,0,86,PORT_SCAN
76,46265,1020,103,1,0,0,0,88,2406,100,2,6,0,8,PORT_SCAN
47,30785,953,120,1,0,0,0,36,7050,88,3,13,0,13,PORT_SCAN
61,41457,435,41,1,0,0,0,98,2807,42,0,9,0,46,PORT_SCAN
72,48022,664,40,1,0,0,0,97,3230,53,3,18,0,86,PORT_SCAN
41,57264,360,64,1,0,1,0,53,6008,71,3,1,0,90,PORT_SCAN
48,45777,319,120,1,0,1,0,78,7839,52,3,13,0,15,PORT_SCAN
73,39808,647,111,1,0,0,0,36,5230,97,2,11,0,16,PORT_SCAN
49,39190,64,83,1,0,1,0,90,4876,31,3,5,0,84,PORT_SCAN
47,58331,632,80,1,0,0,0,44,3890,21,3,7,0,55,PORT_SCAN
68,57179,620,67,1,0,1,0,32,1419,57,0,6,0,19,PORT_SCAN
68,46580,52,101,1,0,0,0,34,3286,71,2,10,0,26,PORT_SCAN
46,56939,272,66,1,0,0,0,68,3675,76,0,0,0,47,PORT_SCAN
42,52513,179,82,1,0,1,0,15,1344,76,2,0,0,81,PORT_SCAN
59,50933,430,81,1,0,0,0,34,2847,45,2,14,0,93,PORT_SCAN
47,38934,306,60,1,0,1,0,24,624,89,0,6,0,77,PORT_SCAN
62,48001,653,74,1,0,0,0,100,7086,46,1,5,0,17,PORT_SCAN
59,50095,694,109,1,0,1,0,16,1565,13,3,1,0,21,PORT_SCAN
64,31762,177,94,1,0,1,0,32,6272,86,3,19,0,53,PORT_SCAN
59,40889,406,125,1,0,0,0,69,5151,26,0,14,0,20,PORT_SCAN
69,40170,954,100,1,0,0,0,38,1677,88,2,11,0,58,PORT_SCAN
51,52924,677,81,1,0,1,0,72,747,18,3,3,0,52,PORT_SCAN
70,45113,350,76,1,0,1,0,87,5207,26,0,12,0,99,PORT_SCAN
46,40678,146,78,1,0,1,0,61,5337,62,1,19,0,39,PORT_SCAN
75,35210,988,89,1,0,0,0,53,2205,98,3,13,0,80,PORT_SCAN
61,47843,484,62,1,0,0,0,83,7354,72,0,18,0,84,PORT_SCAN
69,40661,200,96,1,0,0,0,49,3824,18,0,19,0,56,PORT_SCAN
60,46197,126,51,1,0,0,0,27,7768,84,0,4,0,92,PORT_SCAN
49,44843,597,89,1,0,1,0,35,2184,97,2,9,0,80,PORT_SCAN
59,44245,706,51,1,0,0,0,88,4681,61,1,9,0,15,PORT_SCAN
63,59526,109,40,1,0,1,0,24,7555,46,0,7,0,63,PORT_SCAN
77,42919,652,88,1,0,1,0,58,4065,79,1,5,0,68,PORT_SCAN
48,36167,788,86,1,0,1,0,29,2863,95,1,4,0,9,PORT_SCAN
44,51246,33,58,1,0,1,0,94,4077,27,0,4,0,90,PORT_SCAN
66,58185,934,117,1,0,1,0,89,1972,68,3,17,0,65,PORT_SCAN
64,41642,463,63,1,0,1,0,87,560,83,3,7,0,99,PORT_SCAN
72,38822,842,109,1,0,1,0,14,810,82,3,11,0,22,PORT_SCAN
77,45778,164,58,1,0,1,0,69,4734,20,0,7,0,68,PORT_SCAN
80,54303,160,127,1,0,1,0,88,932,53,0,15,0,66,PORT_SCAN
72,59689,961,113,1,0,1,0,63,3391,47,2,5,0,12,PORT_SCAN
78,54557,623,112,1,0,1,0,17,5655,70,1,18,0,14,PORT_SCAN
58,56505,56,76,1,0,1,0,20,1538,74,0,8,0,40,PORT_SCAN
48,50178,576,75,1,0,1,0,11,6573,24,1,18,0,27,PORT_SCAN
68,42116,360,73,1,0,0,0,72,1981,77,0,10,0,18,PORT_SCAN
49,49514,316,103,1,0,1,0,59,2449,94,3,20,0,29,PORT_SCAN
53,48931,707,46,1,0,1,0,24,930,31,3,12,0,68,PORT_SCAN
59,45606,479,88,1,0,1,0,70,2651,28,3,0,0,44,PORT_SCAN
68,42517,647,107,1,0,0,0,22,4852,91,2,13,0,86,PORT_SCAN
57,40976,554,74,1,0,0,0,42,5860,84,3,14,0,94,PORT_SCAN
55,54061,400,106,1,0,1,0,96,6154,33,2,17,0,9,PORT_SCAN
40,57252,140,41,1,0,1,0,22,4802,23,3,11,0,36,PORT_SCAN
58,38254,396,44,1,0,0,0,89,1253,17,1,19,0,89,PORT_SCAN
47,53202,246,51,1,0,0,0,58,5877,92,1,3,0,97,PORT_SCAN
51,38301,604,99,1,0,0,0,91,4214,45,3,10,0,40,PORT_SCAN
50,55583,152,75,1,0,0,0,58,3683,52,0,8,0,41,PORT_SCAN
51,44436,143,102,1,0,0,0,88,3716,32,3,3,0,26,PORT_SCAN
74,55189,884,67,1,0,0,0,66,6360,43,0,1,0,17,PORT_SCAN
44,48721,514,97,1,0,0,0,73,1719,93,0,1,0,93,PORT_SCAN
64,38730,311,82,1,0,1,0,83,530,75,3,15,0,63,PORT_SCAN
65,57657,144,109,1,0,0,0,10,3649,98,3,3,0,80,PORT_SCAN
74,41761,683,127,1,0,1,0,61,952,90,0,11,0,76,PORT_SCAN
61,32636,942,77,1,0,0,0,32,5042,15,3,6,0,46,PORT_SCAN
64,59375,219,120,1,0,1,0,72,1195,90,3,6,0,25,PORT_SCAN
42,36327,52,115,1,0,0,0,72,3684,18,2,15,0,76,PORT_SCAN
68,30537,76,83,1,0,0,0,53,6953,15,3,3,0,35,PORT_SCAN
73,45019,306,114,1,0,0,0,19,802,28,3,20,0,10,PORT_SCAN
70,59726,94,71,1,0,0,0,11,1911,90,0,9,0,20,PORT_SCAN
69,50028,350,115,1,0,0,0,23,1435,73,1,2,0,33,PORT_SCAN
67,41054,824,81,1,0,0,0,97,5218,79,1,10,0,35,PORT_SCAN
42,49434,356,82,1,0,0,0,25,2743,28,3,5,0,97,PORT_SCAN
63,48134,338,96,1,0,0,0,84,833,27,0,20,0,86,PORT_SCAN
64,55482,324,42,1,0,1,0,20,552,10,1,2,0,98,PORT_SCAN
77,59062,582,93,1,0,1,0,98,1539,36,1,20,0,42,PORT_SCAN
73,44759,844,70,1,0,0,0,88,6166,14,1,15,0,86,PORT_SCAN
45,50551,617,84,1,0,1,0,10,5068,40,1,3,0,75,PORT_SCAN
46,50280,742,109,1,0,0,0,69,6810,90,1,8,0,14,PORT_SCAN
52,33692,306,127,1,0,1,0,73,1944,30,0,1,0,90,PORT_SCAN
63,39340,430,95,1,0,1,0,52,5552,68,0,3,0,14,PORT_SCAN
74,35763,324,43,1,0,1,0,75,1450,19,1,14,0,83,PORT_SCAN
77,40681,859,65,1,0,1,0,39,6881,24,2,7,0,20,PORT_SCAN
55,54174,845,65,1,0,1,0,38,1102,70,3,1,0,63,PORT_SCAN
49,37083,932,62,1,0,1,0,57,1617,68,1,20,0,53,PORT_SCAN
57,36626,688,56,1,0,0,0,98,5158,17,2,4,0,22,PORT_SCAN
69,45026,857,61,1,0,1,0,38,7761,47,1,20,0,86,PORT_SCAN
50,48943,471,51,1,0,1,0,76,4507,37,3,14,0,43,PORT_SCAN
40,53921,877,71,1,0,0,0,51,4057,84,1,18,0,27,PORT_SCAN
76,59433,11,93,1,0,0,0,15,4355,74,0,13,0,75,PORT_SCAN
65,45704,201,97,1,0,1,0,40,1180,81,0,13,0,35,PORT_SCAN
48,41744,606,70,1,0,0,0,12,4430,95,2,5,0,98,PORT_SCAN
69,58112,50,98,1,0,1,0,27,7661,100,3,5,0,55,PORT_SCAN
80,45214,3,120,1,0,0,0,59,7819,98,2,16,0,12,PORT_SCAN
58,43955,553,118,1,0,0,0,97,1163,89,2,1,0,73,PORT_SCAN
63,59097,106,54,1,0,1,0,56,4312,89,0,11,0,54,PORT_SCAN
51,51239,138,111,1,0,0,0,27,3243,40,0,20,0,69,PORT_SCAN
77,58545,430,68,1,0,1,0,55,7855,44,3,8,0,14,PORT_SCAN
44,42216,708,97,1,0,1,0,74,4814,25,3,17,0,94,PORT_SCAN
74,59473,599,97,1,0,1,0,96,6178,18,1,14,0,19,PORT_SCAN
45,42801,367,76,1,0,0,0,23,1849,45,0,4,0,71,PORT_SCAN
49,58671,419,106,1,0,0,0,47,3912,97,1,15,0,52,PORT_SCAN
66,44544,44,77,1,0,0,0,18,680,39,2,13,0,82,PORT_SCAN
61,51487,669,102,1,0,1,0,68,2991,82,1,9,0,29,PORT_SCAN
56,37431,992,87,1,0,1,0,16,1715,55,2,14,0,29,PORT_SCAN
79,35268,585,63,1,0,0,0,100,6175,95,1,5,0,38,PORT_SCAN
47,31348,649,113,1,0,0,0,66,2633,57,1,6,0,79,PORT_SCAN
42,51808,650,84,1,0,0,0,57,4173,79,1,17,0,46,PORT_SCAN
47,30816,829,103,1,0,0,0,68,3123,29,0,17,0,72,PORT_SCAN
61,51208,606,100,1,0,1,0,83,5963,28,3,10,0,96,PORT_SCAN
47,53974,981,45,1,0,0,0,96,5013,24,2,0,0,59,PORT_SCAN
79,57553,452,97,1,0,1,0,21,3173,17,1,18,0,75,PORT_SCAN
54,55601,570,65,1,0,0,0,20,4910,67,0,16,0,58,PORT_SCAN
52,46071,651,117,1,0,0,0,95,3457,60,1,13,0,55,PORT_SCAN
64,42216,25,76,1,0,1,0,54,3023,67,0,6,0,64,PORT_SCAN
66,56335,907,76,1,0,0,0,64,6468,63,1,18,0,84,PORT_SCAN
45,34706,426,78,1,0,1,0,77,3247,18,3,2,0,8,PORT_SCAN
66,50932,560,93,1,0,0,0,81,4285,100,1,6,0,31,PORT_SCAN
64,39485,1005,45,1,0,1,0,84,2989,73,3,7,0,11,PORT_SCAN
40,35047,538,78,1,0,1,0,25,5856,95,2,13,0,30,PORT_SCAN
71,59713,502,43,1,0,0,0,45,4539,18,2,18,0,69,PORT_SCAN
76,44289,529,120,1,0,1,0,98,7203,25,2,16,0,81,PORT_SCAN
41,57698,532,60,1,0,0,0,28,3118,69,1,11,0,28,PORT_SCAN
43,38934,740,93,1,0,1,0,16,2874,47,0,16,0,32,PORT_SCAN
80,36004,194,116,1,0,0,0,79,3142,50,2,8,0,95,PORT_SCAN
63,33140,721,58,1,0,0,0,27,4744,46,2,15,0,60,PORT_SCAN
61,59844,334,53,1,0,0,0,29,4623,38,1,17,0,86,PORT_SCAN
73,57724,234,93,1,0,1,0,19,1454,26,0,15,0,52,PORT_SCAN
59,52644,743,57,1,0,1,0,86,4785,53,1,9,0,11,PORT_SCAN
47,37286,264,128,1,0,0,0,98,2356,49,1,6,0,24,PORT_SCAN
45,43920,229,49,1,0,0,0,71,6704,65,0,6,0,21,PORT_SCAN
42,55986,122,100,1,0,0,0,42,854,18,2,0,0,20,PORT_SCAN
47,49719,421,115,1,0,0,0,33,5993,54,0,2,0,26,PORT_SCAN
57,48997,713,85,1,0,0,0,74,6896,88,1,16,0,80,PORT_SCAN
44,33247,29,107,1,0,0,0,34,2808,31,0,3,0,35,PORT_SCAN
72,57895,973,86,1,0,0,0,66,6017,23,1,11,0,56,PORT_SCAN
67,37021,467,92,1,0,0,0,50,1512,69,0,16,0,25,PORT_SCAN
71,54978,740,76,1,0,0,0,20,3187,73,0,12,0,44,PORT_SCAN
69,49673,639,127,1,0,1,0,38,5037,62,2,13,0,32,PORT_SCAN
44,59319,975,126,1,0,1,0,32,604,96,3,3,0,58,PORT_SCAN
68,47126,175,55,1,0,0,0,60,3781,98,0,5,0,16,PORT_SCAN
63,36523,694,65,1,0,1,0,25,2407,64,3,8,0,99,PORT_SCAN
77,49452,560,122,1,0,1,0,55,4397,95,3,15,0,73,PORT_SCAN
57,34829,932,53,1,0,0,0,42,4508,73,1,20,0,25,PORT_SCAN
41,33263,109,48,1,0,1,0,96,719,32,3,19,0,94,PORT_SCAN
60,35004,621,119,1,0,0,0,19,5915,76,3,14,0,33,PORT_SCAN
58,51695,1020,102,1,0,1,0,79,3314,79,0,1,0,63,PORT_SCAN
47,42570,922,80,1,0,1,0,66,4265,14,0,5,0,79,PORT_SCAN
59,58989,337,102,1,0,1,0,27,3059,59,3,3,0,80,PORT_SCAN
71,51629,963,100,1,0,0,0,74,956,60,2,15,0,83,PORT_SCAN
64,50215,723,76,1,0,1,0,17,730,85,0,4,0,54,PORT_SCAN
62,56527,56,120,1,0,1,0,58,1297,64,2,11,0,60,PORT_SCAN
62,31849,501,71,1,0,0,0,92,3056,85,0,2,0,47,PORT_SCAN
47,41062,348,42,1,0,1,0,14,4275,94,3,18,0,73,PORT_SCAN
66,38736,42,100,1,0,0,0,50,3594,83,3,10,0,81,PORT_SCAN
46,56487,1001,52,1,0,0,0,53,4569,74,2,5,0,86,PORT_SCAN
59,41905,893,65,1,0,1,0,91,7441,19,1,9,0,41,PORT_SCAN
43,39742,824,68,1,0,0,0,84,1276,85,2,8,0,16,PORT_SCAN
76,56253,974,94,1,0,0,0,54,7017,19,2,16,0,46,PORT_SCAN
67,51740,642,65,1,0,1,0,61,2558,89,3,17,0,31,PORT_SCAN
41,50573,383,113,1,0,1,0,37,5913,69,2,20,0,76,PORT_SCAN
79,57943,889,112,1,0,0,0,76,2143,56,3,4,0,38,PORT_SCAN
49,54459,615,95,1,0,1,0,50,7546,18,1,13,0,42,PORT_SCAN
58,51169,329,72,1,0,0,0,61,2453,24,1,6,0,11,PORT_SCAN
55,56117,636,99,1,0,1,0,81,4072,64,0,6,0,28,PORT_SCAN
57,34470,60,73,1,0,1,0,94,5011,32,0,15,0,10,PORT_SCAN
43,58166,172,80,1,0,1,0,18,7877,62,2,2,0,58,PORT_SCAN
48,37734,230,113,1,0,0,0,76,5941,84,2,15,0,19,PORT_SCAN
55,49654,251,80,1,0,1,0,84,6539,59,1,13,0,35,PORT_SCAN
49,33500,359,67,1,0,1,0,66,3845,42,0,15,0,76,PORT_SCAN
63,52925,232,80,1,0,1,0,70,6092,41,2,4,0,54,PORT_SCAN
70,53451,754,79,1,0,0,0,92,7915,87,0,1,0,96,PORT_SCAN
55,38289,788,79,1,0,1,0,97,1499,78,1,14,0,57,PORT_SCAN
40,59811,805,72,1,0,1,0,21,7239,40,2,6,0,28,PORT_SCAN
68,50688,650,122,1,0,1,0,14,2744,20,3,15,0,60,PORT_SCAN
61,53507,866,52,1,0,0,0,99,2637,74,0,11,0,61,PORT_SCAN
78,53895,670,98,1,0,0,0,16,5754,92,1,20,0,64,PORT_SCAN
48,30100,821,65,1,0,1,0,50,5217,20,0,5,0,39,PORT_SCAN
73,53382,267,116,1,0,1,0,50,4198,71,1,8,0,30,PORT_SCAN
77,57091,671,76,1,0,0,0,20,3895,57,1,12,0,56,PORT_SCAN
76,37355,43,42,1,0,0,0,21,4288,35,2,5,0,14,PORT_SCAN
65,50250,879,116,1,0,1,0,29,1229,57,1,18,0,23,PORT_SCAN
40,53546,892,98,1,0,1,0,25,2338,36,1,8,0,44,PORT_SCAN
71,42519,267,95,1,0,0,0,86,2265,46,1,13,0,31,PORT_SCAN
66,55967,299,43,1,0,1,0,43,2429,89,3,7,0,55,PORT_SCAN
77,52422,939,50,1,0,0,0,70,1591,51,3,6,0,99,PORT_SCAN
64,53214,867,116,1,0,1,0,19,1280,81,0,1,0,50,PORT_SCAN
55,45431,726,117,1,0,0,0,10,2577,74,3,9,0,58,PORT_SCAN
63,34333,85,114,1,0,0,0,43,1891,74,3,10,0,67,PORT_SCAN
48,32937,650,107,1,0,1,0,28,2633,24,2,1,0,24,PORT_SCAN
71,58563,576,86,1,0,1,0,46,7895,43,2,16,0,48,PORT_SCAN
67,59251,338,80,1,0,1,0,29,5052,94,3,1,0,32,PORT_SCAN
49,31788,471,63,1,0,0,0,70,2631,30,3,13,0,22,PORT_SCAN
71,31336,905,85,1,0,1,0,68,4538,24,1,3,0,52,PORT_SCAN
45,36675,582,63,1,0,0,0,75,7238,44,1,18,0,8,PORT_SCAN
73,55128,370,93,1,0,0,0,41,6793,73,0,10,0,11,PORT_SCAN
58,52325,250,90,1,0,1,0,85,1368,51,1,0,0,18,PORT_SCAN
69,57220,983,98,1,0,1,0,86,5890,10,2,1,0,91,PORT_SCAN
79,44847,666,112,1,0,0,0,37,7571,16,2,10,0,15,PORT_SCAN
44,47929,782,51,1,0,1,0,42,1958,40,3,2,0,10,PORT_SCAN
53,35339,796,91,1,0,1,0,92,6664,93,1,3,0,46,PORT_SCAN
71,56250,886,79,1,0,0,0,55,5951,22,2,16,0,33,PORT_SCAN
71,44596,795,100,1,0,1,0,82,5417,64,0,13,0,55,PORT_SCAN
79,36106,890,120,1,0,1,0,21,831,75,2,14,0,94,PORT_SCAN
54,51220,318,103,1,0,0,0,47,4335,65,0,15,0,46,PORT_SCAN
49,34187,616,71,1,0,1,0,47,5157,16,0,1,0,73,PORT_SCAN
46,46733,871,92,1,0,0,0,69,5913,82,2,11,0,40,PORT_SCAN
77,32679,34,54,1,0,1,0,32,6940,33,3,1,0,18,PORT_SCAN
66,58729,610,80,1,0,1,0,95,4185,89,2,10,0,31,PORT_SCAN
53,36064,161,117,1,0,1,0,96,1371,65,0,0,0,58,PORT_SCAN
47,30435,352,123,1,0,1,0,68,6167,61,3,9,0,87,PORT_SCAN
79,41820,809,78,1,0,0,0,26,1606,11,1,3,0,10,PORT_SCAN
52,58148,55,66,1,0,1,0,93,1689,93,1,13,0,88,PORT_SCAN
74,36255,177,78,1,0,1,0,28,4382,64,0,3,0,29,PORT_SCAN
49,54208,912,102,1,0,1,0,12,7543,67,1,6,0,45,PORT_SCAN
76,57179,803,46,1,0,1,0,11,1341,90,3,13,0,71,PORT_SCAN
77,49524,596,44,1,0,1,0,61,4482,75,3,7,0,99,PORT_SCAN
43,47311,39,94,1,0,1,0,80,1020,44,3,15,0,22,PORT_SCAN
71,50404,711,97,1,0,1,0,12,1821,46,1,15,0,52,PORT_SCAN
68,37605,450,115,1,0,1,0,87,7491,94,3,4,0,45,PORT_SCAN
64,43659,738,100,1,0,0,0,89,2197,46,0,15,0,24,PORT_SCAN
51,36536,321,117,1,0,1,0,22,7000,63,3,9,0,38,PORT_SCAN
53,48246,97,42,1,0,1,0,43,3424,96,1,5,0,72,PORT_SCAN
42,56437,131,83,1,0,1,0,24,5559,39,0,17,0,36,PORT_SCAN
71,38448,697,85,1,0,0,0,81,2691,29,0,1,0,64,PORT_SCAN
69,57577,228,53,1,0,0,0,81,843,74,0,5,0,88,PORT_SCAN
47,58536,421,86,1,0,0,0,47,6301,66,3,3,0,27,PORT_SCAN
63,40964,283,55,1,0,0,0,66,3905,10,1,15,0,51,PORT_SCAN
58,46548,351,50,1,0,1,0,57,6358,63,2,20,0,93,PORT_SCAN
55,34967,864,69,1,0,0,0,64,3886,62,3,16,0,95,PORT_SCAN
63,30975,907,58,1,0,0,0,76,1070,20,2,10,0,59,PORT_SCAN
50,44223,126,90,1,0,0,0,94,5754,29,0,20,0,99,PORT_SCAN
73,39690,859,91,1,0,1,0,50,7948,54,0,8,0,75,PORT_SCAN
79,34812,828,97,1,0,0,0,79,5614,89,3,11,0,91,PORT_SCAN
65,55408,405,78,1,0,0,0,14,4902,52,3,4,0,74,PORT_SCAN
74,39303,438,51,1,0,1,0,76,3291,91,1,0,0,11,PORT_SCAN
74,49415,530,70,1,0,1,0,64,4639,24,0,11,0,41,PORT_SCAN
80,46629,726,55,1,0,0,0,93,1521,67,2,18,0,8,PORT_SCAN
69,41107,484,114,1,0,0,0,54,2951,46,1,12,0,74,PORT_SCAN
55,33448,672,106,1,0,0,0,56,4221,22,1,13,0,60,PORT_SCAN
45,33022,128,94,1,0,0,0,70,2259,67,0,11,0,94,PORT_SCAN
73,43197,809,73,1,0,1,0,91,3968,66,3,13,0,28,PORT_SCAN
49,46573,261,102,1,0,1,0,26,6271,75,0,6,0,66,PORT_SCAN
70,31068,322,111,1,0,1,0,25,5428,62,0,3,0,55,PORT_SCAN
76,39489,83,106,1,0,0,0,25,3543,49,2,9,0,45,PORT_SCAN
71,30916,293,58,1,0,1,0,16,7825,49,2,6,0,31,PORT_SCAN
71,30068,251,110,1,0,1,0,18,7630,15,3,15,0,81,PORT_SCAN
59,48538,927,83,1,0,1,0,70,7335,87,1,4,0,72,PORT_SCAN
80,45103,922,125,1,0,1,0,29,7597,51,0,19,0,93,PORT_SCAN
79,43422,794,69,1,0,1,0,53,4931,15,3,8,0,90,PORT_SCAN
45,58375,340,43,1,0,1,0,81,5785,25,0,6,0,87,PORT_SCAN
74,48902,109,112,1,0,0,0,70,4617,12,0,17,0,31,PORT_SCAN
41,39009,422,71,1,0,1,0,20,7110,78,2,12,0,83,PORT_SCAN
42,46104,48,83,1,0,1,0,33,3899,13,2,12,0,40,PORT_SCAN
45,33756,204,109,1,0,0,0,46,1679,33,2,2,0,27,PORT_SCAN
59,43345,347,47,1,0,1,0,33,722,17,2,12,0,20,PORT_SCAN
60,34668,846,81,1,0,1,0,58,7280,25,0,6,0,38,PORT_SCAN
78,49203,485,103,1,0,1,0,24,2706,17,2,14,0,78,PORT_SCAN
66,32144,992,43,1,0,1,0,91,2414,12,2,17,0,83,PORT_SCAN
46,38071,258,78,1,0,1,0,67,1187,91,1,4,0,55,PORT_SCAN
74,35511,503,108,1,0,1,0,81,4200,15,0,14,0,87,PORT_SCAN
58,51399,343,40,1,0,0,0,71,2738,86,2,12,0,52,PORT_SCAN
80,36971,577,45,1,0,0,0,78,5112,18,2,2,0,58,PORT_SCAN
47,57213,287,111,1,0,1,0,65,2227,88,2,10,0,89,PORT_SCAN
56,54664,928,74,1,0,0,0,94,3134,53,1,14,0,84,PORT_SCAN
61,30520,274,122,1,0,0,0,87,4403,10,0,5,0,60,PORT_SCAN
75,59336,1002,90,1,0,0,0,93,5835,19,0,14,0,94,PORT_SCAN
47,41566,771,116,1,0,1,0,59,1951,99,0,3,0,67,PORT_SCAN
63,36323,911,41,1,0,0,0,12,6712,45,2,6,0,19,PORT_SCAN
79,50487,621,68,1,0,0,0,73,3473,14,2,15,0,98,PORT_SCAN
78,36851,15,65,1,0,1,0,24,7626,45,3,5,0,78,PORT_SCAN
52,51621,360,48,1,0,0,0,18,1543,43,1,16,0,43,PORT_SCAN
52,57776,48,128,1,0,1,0,97,5088,68,0,13,0,90,PORT_SCAN
43,57979,662,95,1,0,1,0,45,1497,97,3,15,0,54,PORT_SCAN
73,54871,90,68,1,0,0,0,45,3941,78,3,10,0,8,PORT_SCAN
65,36376,686,50,1,0,0,0,38,6148,64,0,7,0,33,PORT_SCAN
50,40788,637,48,1,0,0,0,13,4431,65,0,18,0,88,PORT_SCAN
61,57541,513,71,1,0,0,0,70,2452,53,0,10,0,74,PORT_SCAN
55,32389,899,52,1,0,1,0,84,1522,20,0,1,0,56,PORT_SCAN
60,59166,134,56,1,0,0,0,66,948,48,3,2,0,21,PORT_SCAN
43,48325,107,77,1,0,1,0,61,1285,89,3,7,0,84,PORT_SCAN
79,30347,929,89,1,0,1,0,64,7708,89,0,10,0,91,PORT_SCAN
41,44879,673,115,1,0,0,0,23,1341,11,0,18,0,32,PORT_SCAN
76,34128,525,85,1,0,1,0,71,6436,89,3,5,0,39,PORT_SCAN
48,56116,91,47,1,0,0,0,49,5288,65,2,9,0,82,PORT_SCAN
74,55411,299,58,1,0,1,0,49,5442,53,2,11,0,9,PORT_SCAN
73,49216,297,47,1,0,0,0,74,7210,81,0,13,0,52,PORT_SCAN
52,36565,413,48,1,0,1,0,34,5971,70,3,19,0,96,PORT_SCAN
61,57918,688,118,1,0,1,0,63,3192,30,0,14,0,13,PORT_SCAN
71,37189,8,121,1,0,0,0,98,2386,69,1,7,0,69,PORT_SCAN
61,56452,770,66,1,0,1,0,33,7267,10,2,0,0,17,PORT_SCAN
62,30983,236,58,1,0,1,0,66,2092,90,2,1,0,11,PORT_SCAN
52,36482,582,62,1,0,0,0,43,6388,32,2,17,0,39,PORT_SCAN
51,36422,45,62,1,0,1,0,22,671,96,1,12,0,91,PORT_SCAN
47,41088,431,79,1,0,1,0,40,3528,57,1,16,0,87,PORT_SCAN
67,58783,134,55,1,0,0,0,26,7011,34,1,17,0,56,PORT_SCAN
63,40418,880,121,1,0,0,0,15,6751,88,1,17,0,45,PORT_SCAN
49,40737,507,46,1,0,1,0,26,7475,75,3,6,0,18,PORT_SCAN
70,55919,133,61,1,0,1,0,92,6653,75,2,15,0,74,PORT_SCAN
69,35865,660,87,1,0,1,0,73,4381,44,3,20,0,82,PORT_SCAN
42,36789,450,65,1,0,1,0,40,3743,37,2,13,0,56,PORT_SCAN
76,35151,767,72,1,0,0,0,27,6657,20,2,14,0,74,PORT_SCAN
62,37542,85,99,1,0,1,0,64,4195,69,3,13,0,55,PORT_SCAN
71,40388,560,88,1,0,0,0,32,4118,39,2,20,0,17,PORT_SCAN
62,59539,169,77,1,0,0,0,45,2365,22,0,2,0,54,PORT_SCAN
42,47892,411,82,1,0,0,0,96,3197,42,2,8,0,32,PORT_SCAN
78,34517,535,41,1,0,1,0,46,7236,54,3,12,0,82,PORT_SCAN
40,45466,306,90,1,0,0,0,39,6425,36,3,7,0,74,PORT_SCAN
77,55754,960,99,1,0,1,0,20,3064,34,3,13,0,34,PORT_SCAN
68,44744,62,87,1,0,0,0,83,7657,26,2,0,0,71,PORT_SCAN
62,41135,462,93,1,0,1,0,97,6665,61,2,10,0,83,PORT_SCAN
41,48598,66,57,1,0,0,0,52,5154,90,3,12,0,34,PORT_SCAN
65,32087,792,64,1,0,1,0,23,3193,82,3,20,0,46,PORT_SCAN
45,35617,214,126,1,0,0,0,14,7270,98,3,0,0,31,PORT_SCAN
52,32277,791,76,1,0,0,0,39,2884,94,0,14,0,15,PORT_SCAN
63,46991,23,61,1,0,1,0,62,3703,30,0,4,0,76,PORT_SCAN
66,45671,141,89,1,0,0,0,26,7630,36,2,13,0,98,PORT_SCAN
70,35202,636,115,1,0,0,0,74,6371,97,3,8,0,33,PORT_SCAN
40,34675,913,48,1,0,1,0,87,7115,41,2,18,0,70,PORT_SCAN
69,45161,81,51,1,0,1,0,92,7717,68,2,9,0,58,PORT_SCAN
79,56982,359,93,1,0,0,0,32,7872,89,3,14,0,57,PORT_SCAN
51,52889,196,90,1,0,0,0,40,7754,30,2,20,0,76,PORT_SCAN
58,51845,137,67,1,0,1,0,62,6741,80,0,11,0,17,PORT_SCAN
46,46528,668,92,1,0,1,0,31,2570,36,0,14,0,11,PORT_SCAN
44,50934,946,88,1,0,1,0,61,7510,34,3,1,0,9,PORT_SCAN
56,33757,280,81,1,0,1,0,72,4279,18,0,17,0,92,PORT_SCAN
55,53382,897,57,1,0,1,0,45,7394,30,1,0,0,85,PORT_SCAN
46,35807,603,55,1,0,1,0,31,1135,95,0,8,0,27,PORT_SCAN
68,41733,365,67,1,0,0,0,96,4860,37,3,1,0,89,PORT_SCAN
73,51004,211,89,1,0,1,0,66,929,86,0,1,0,56,PORT_SCAN
52,38182,768,70,1,0,0,0,21,631,63,0,0,0,51,PORT_SCAN
52,52280,130,68,1,0,0,0,95,1875,31,0,13,0,73,PORT_SCAN
46,56726,670,81,1,0,0,0,89,2196,79,3,13,0,23,PORT_SCAN
54,37005,217,85,1,0,1,0,32,622,61,2,0,0,57,PORT_SCAN
53,45033,451,48,1,0,1,0,93,5611,57,0,2,0,35,PORT_SCAN
66,39880,1024,53,1,0,0,0,42,1276,86,2,20,0,97,PORT_SCAN
64,52213,273,82,1,0,0,0,91,6739,98,2,15,0,16,PORT_SCAN
61,30578,920,88,1,0,0,0,74,5312,100,0,7,0,10,PORT_SCAN
79,54868,255,79,1,0,0,0,64,6703,41,0,1,0,25,PORT_SCAN
63,46342,608,65,1,0,0,0,58,2174,92,0,7,0,100,PORT_SCAN
78,44540,674,57,1,0,1,0,50,5772,15,3,20,0,44,PORT_SCAN
41,37504,679,83,1,0,0,0,36,4918,16,1,7,0,85,PORT_SCAN
64,47087,659,63,1,0,1,0,90,549,18,3,2,0,32,PORT_SCAN
43,50786,290,66,1,0,0,0,21,1922,85,1,7,0,72,PORT_SCAN
45,43967,957,79,1,0,0,0,35,2506,64,1,19,0,39,PORT_SCAN
59,39350,919,121,1,0,0,0,44,7564,71,0,11,0,58,PORT_SCAN
64,35497,965,96,1,0,1,0,74,5492,65,1,15,0,10,PORT_SCAN
64,44004,171,78,1,0,0,0,80,6452,32,2,12,0,67,PORT_SCAN
59,44863,581,88,1,0,1,0,19,3229,27,3,6,0,27,PORT_SCAN
52,30136,27,104,1,0,1,0,72,3814,63,3,11,0,57,PORT_SCAN
71,40086,146,92,1,0,0,0,25,3652,82,1,6,0,63,PORT_SCAN
56,55272,714,105,1,0,1,0,91,6140,57,0,20,0,57,PORT_SCAN
67,54106,506,71,1,0,1,0,14,7161,56,0,20,0,26,PORT_SCAN
56,49838,933,127,1,0,0,0,42,2526,87,1,0,0,22,PORT_SCAN
45,51115,788,90,1,0,0,0,76,7954,34,3,5,0,62,PORT_SCAN
76,52670,22,78,1,1,1,0,62,2456,14,10,12,1,1,SSH_BRUTE_FORCE
77,54534,22,66,1,1,1,0,10,3759,39,1,4,0,1,SSH_BRUTE_FORCE
109,52816,22,93,1,1,1,0,65,3795,19,6,6,5,1,SSH_BRUTE_FORCE
68,36488,22,102,1,0,0,0,67,4482,19,4,2,5,1,SSH_BRUTE_FORCE
71,56515,22,64,1,1,1,0,66,2789,48,3,3,2,1,SSH_BRUTE_FORCE
65,42377,22,55,1,1,0,0,53,1486,45,4,16,3,1,SSH_BRUTE_FORCE
103,54921,22,52,1,0,0,0,44,1118,50,10,2,0,1,SSH_BRUTE_FORCE
73,47115,22,40,1,1,1,0,72,8753,29,10,14,2,1,SSH_BRUTE_FORCE
83,52343,22,83,1,1,0,0,56,7528,32,10,2,2,1,SSH_BRUTE_FORCE
115,40821,22,52,1,0,1,0,61,3275,9,10,4,4,1,SSH_BRUTE_FORCE
77,52913,22,71,1,1,1,0,70,9436,34,4,1,5,1,SSH_BRUTE_FORCE
120,56627,22,81,1,0,1,0,15,6333,36,4,20,3,1,SSH_BRUTE_FORCE
85,54222,22,118,1,0,1,0,64,8800,50,2,13,2,1,SSH_BRUTE_FORCE
98,36392,22,58,1,0,0,0,73,2426,27,9,15,1,1,SSH_BRUTE_FORCE
117,44623,22,54,1,1,0,0,41,4467,18,2,4,3,1,SSH_BRUTE_FORCE
105,30957,22,60,1,1,1,0,45,4610,24,8,4,5,1,SSH_BRUTE_FORCE
68,47515,22,121,1,1,0,0,52,4666,44,10,3,5,1,SSH_BRUTE_FORCE
81,42353,22,88,1,1,0,0,38,5244,15,5,3,0,1,SSH_BRUTE_FORCE
65,41148,22,115,1,0,0,0,57,3087,28,7,19,5,1,SSH_BRUTE_FORCE
60,40184,22,47,1,0,1,0,64,6237,31,3,17,5,1,SSH_BRUTE_FORCE
98,49358,22,68,1,0,1,0,11,9819,37,6,5,2,1,SSH_BRUTE_FORCE
113,37173,22,103,1,1,0,0,46,3389,50,1,20,2,1,SSH_BRUTE_FORCE
79,46461,22,128,1,0,1,0,71,4534,39,5,13,0,1,SSH_BRUTE_FORCE
111,40916,22,59,1,0,0,0,16,3933,39,7,10,5,1,SSH_BRUTE_FORCE
118,57804,22,60,1,0,1,0,53,7921,38,6,13,3,1,SSH_BRUTE_FORCE
64,47296,22,76,1,1,0,0,80,7451,14,3,11,4,1,SSH_BRUTE_FORCE
115,56380,22,46,1,1,1,0,30,3253,36,8,10,1,1,SSH_BRUTE_FORCE
73,37147,22,65,1,0,1,0,23,3418,32,7,6,0,1,SSH_BRUTE_FORCE
66,41651,22,100,1,0,0,0,25,9444,49,6,19,3,1,SSH_BRUTE_FORCE
69,50544,22,91,1,0,0,0,25,4946,33,8,10,5,1,SSH_BRUTE_FORCE
98,35652,22,123,1,1,0,0,69,7260,25,8,12,0,1,SSH_BRUTE_FORCE
67,33821,22,50,1,0,1,0,75,4685,9,10,19,4,1,SSH_BRUTE_FORCE
90,38969,22,128,1,0,0,0,59,8932,49,7,10,4,1,SSH_BRUTE_FORCE
68,33258,22,81,1,0,0,0,61,1323,33,9,18,4,1,SSH_BRUTE_FORCE
91,32094,22,106,1,0,0,0,25,3960,46,3,1,4,1,SSH_BRUTE_FORCE
88,56231,22,80,1,0,0,0,26,4378,49,3,3,4,1,SSH_BRUTE_FORCE
76,57900,22,44,1,0,0,0,74,5891,31,9,6,3,1,SSH_BRUTE_FORCE
120,51566,22,40,1,0,1,0,15,9510,26,9,15,1,1,SSH_BRUTE_FORCE
96,46070,22,128,1,1,1,0,78,9365,21,2,2,1,1,SSH_BRUTE_FORCE
62,36162,22,58,1,1,0,0,27,4539,45,6,9,1,1,SSH_BRUTE_FORCE
106,50391,22,94,1,0,1,0,43,7255,49,3,13,3,1,SSH_BRUTE_FORCE
65,38328,22,126,1,1,0,0,78,4338,12,5,7,5,1,SSH_BRUTE_FORCE
83,48469,22,124,1,0,1,0,29,6183,35,7,1,4,1,SSH_BRUTE_FORCE
75,32540,22,74,1,0,0,0,80,7664,12,6,3,2,1,SSH_BRUTE_FORCE
118,40928,22,74,1,0,0,0,45,1161,14,7,8,3,1,SSH_BRUTE_FORCE
120,33440,22,55,1,0,1,0,72,2565,41,6,19,2,1,SSH_BRUTE_FORCE
95,38881,22,117,1,0,0,0,31,6210,32,3,12,5,1,SSH_BRUTE_FORCE
103,55845,22,108,1,1,1,0,26,5244,8,9,5,5,1,SSH_BRUTE_FORCE
68,34675,22,88,1,1,0,0,57,5081,46,7,15,1,1,SSH_BRUTE_FORCE
88,41599,22,99,1,1,1,0,64,9529,22,5,3,2,1,SSH_BRUTE_FORCE
86,55250,22,80,1,0,0,0,19,4932,13,3,19,0,1,SSH_BRUTE_FORCE
65,54360,22,76,1,1,0,0,64,9334,16,8,16,4,1,SSH_BRUTE_FORCE
103,52176,22,108,1,0,1,0,11,4115,8,7,18,5,1,SSH_BRUTE_FORCE
82,38002,22,124,1,0,1,0,31,9577,22,3,3,2,1,SSH_BRUTE_FORCE
113,34368,22,105,1,1,0,0,64,9118,32,3,12,0,1,SSH_BRUTE_FORCE
81,59951,22,126,1,0,0,0,47,5901,38,5,9,1,1,SSH_BRUTE_FORCE
60,54183,22,120,1,1,0,0,49,9446,10,8,20,3,1,SSH_BRUTE_FORCE
63,41657,22,40,1,1,1,0,48,6798,14,1,12,5,1,SSH_BRUTE_FORCE
71,43174,22,85,1,0,0,0,65,9061,20,2,17,4,1,SSH_BRUTE_FORCE
117,35036,22,92,1,0,1,0,10,3549,50,5,8,3,1,SSH_BRUTE_FORCE
85,42265,22,78,1,1,1,0,33,9788,25,2,15,5,1,SSH_BRUTE_FORCE
113,44396,22,60,1,0,1,0,65,1095,30,4,4,1,1,SSH_BRUTE_FORCE
78,31319,22,57,1,1,1,0,52,1517,18,4,16,5,1,SSH_BRUTE_FORCE
77,33892,22,93,1,1,1,0,26,6322,33,9,13,1,1,SSH_BRUTE_FORCE
67,33534,22,42,1,0,0,0,54,9192,8,4,2,5,1,SSH_BRUTE_FORCE
113,41211,22,94,1,0,1,0,71,5742,26,8,3,3,1,SSH_BRUTE_FORCE
75,50237,22,59,1,0,0,0,45,2884,24,4,14,1,1,SSH_BRUTE_FORCE
90,53149,22,53,1,0,0,0,29,4758,15,3,13,0,1,SSH_BRUTE_FORCE
77,36297,22,58,1,1,0,0,35,2489,11,7,14,4,1,SSH_BRUTE_FORCE
79,52942,22,121,1,0,0,0,53,7980,38,1,17,3,1,SSH_BRUTE_FORCE
101,31692,22,78,1,0,1,0,56,5596,30,7,8,2,1,SSH_BRUTE_FORCE
117,31558,22,63,1,0,0,0,16,6269,21,5,16,2,1,SSH_BRUTE_FORCE
118,49874,22,52,1,1,0,0,42,9049,31,6,10,0,1,SSH_BRUTE_FORCE
66,51920,22,41,1,0,1,0,56,6920,45,9,20,2,1,SSH_BRUTE_FORCE
75,51307,22,75,1,0,1,0,21,2742,16,10,4,0,1,SSH_BRUTE_FORCE
97,59890,22,123,1,0,0,0,67,2616,12,9,20,2,1,SSH_BRUTE_FORCE
79,53768,22,100,1,0,0,0,15,3094,20,7,18,5,1,SSH_BRUTE_FORCE
76,59215,22,111,1,1,1,0,67,2923,35,2,16,3,1,SSH_BRUTE_FORCE
93,46510,22,42,1,0,1,0,26,5745,10,10,2,5,1,SSH_BRUTE_FORCE
72,54271,22,90,1,1,0,0,31,8172,40,7,18,3,1,SSH_BRUTE_FORCE
85,49897,22,74,1,0,0,0,10,3621,44,4,19,5,1,SSH_BRUTE_FORCE
60,58808,22,105,1,1,1,0,48,4609,26,5,18,0,1,SSH_BRUTE_FORCE
70,37337,22,45,1,0,1,0,15,3427,25,3,9,0,1,SSH_BRUTE_FORCE
101,38159,22,66,1,0,0,0,54,7047,28,2,18,2,1,SSH_BRUTE_FORCE
106,34378,22,92,1,1,1,0,17,1170,30,4,9,1,1,SSH_BRUTE_FORCE
76,30512,22,108,1,0,1,0,42,4377,36,4,11,2,1,SSH_BRUTE_FORCE
73,49059,22,120,1,1,0,0,67,4796,35,6,5,3,1,SSH_BRUTE_FORCE
65,46251,22,63,1,1,0,0,32,4094,44,8,6,5,1,SSH_BRUTE_FORCE
78,30689,22,79,1,0,0,0,60,4077,12,3,3,3,1,SSH_BRUTE_FORCE
75,44910,22,122,1,1,0,0,77,3249,8,10,4,3,1,SSH_BRUTE_FORCE
84,30678,22,54,1,0,0,0,26,5068,13,5,5,5,1,SSH_BRUTE_FORCE
98,30442,22,41,1,0,1,0,20,4314,16,8,19,3,1,SSH_BRUTE_FORCE
112,35345,22,79,1,1,1,0,29,4994,11,9,9,5,1,SSH_BRUTE_FORCE
94,34032,22,42,1,0,0,0,79,5861,14,9,14,1,1,SSH_BRUTE_FORCE
60,59889,22,68,1,0,0,0,64,7314,17,6,10,1,1,SSH_BRUTE_FORCE
118,58802,22,127,1,1,0,0,72,3778,15,4,4,2,1,SSH_BRUTE_FORCE
82,32499,22,118,1,1,0,0,56,2389,10,10,5,1,1,SSH_BRUTE_FORCE
87,47382,22,82,1,0,1,0,29,5940,47,5,12,0,1,SSH_BRUTE_FORCE
77,46359,22,124,1,1,1,0,19,1035,17,3,11,1,1,SSH_BRUTE_FORCE
84,44637,22,101,1,0,0,0,64,5562,17,2,11,1,1,SSH_BRUTE_FORCE
71,55150,22,89,1,1,1,0,73,7944,38,7,20,5,1,SSH_BRUTE_FORCE
81,34529,22,123,1,0,1,0,63,10000,39,9,18,3,1,SSH_BRUTE_FORCE
94,47570,22,69,1,1,0,0,63,9633,44,4,3,1,1,SSH_BRUTE_FORCE
83,30093,22,66,1,0,1,0,70,3188,15,1,12,2,1,SSH_BRUTE_FORCE
114,57830,22,57,1,1,1,0,28,7898,23,4,8,0,1,SSH_BRUTE_FORCE
107,34515,22,55,1,0,1,0,13,7958,31,1,4,5,1,SSH_BRUTE_FORCE
97,32417,22,101,1,0,0,0,28,6984,17,2,8,0,1,SSH_BRUTE_FORCE
60,48650,22,93,1,0,0,0,70,3295,41,5,16,3,1,SSH_BRUTE_FORCE
106,41053,22,96,1,0,1,0,24,3554,11,1,20,1,1,SSH_BRUTE_FORCE
92,35254,22,41,1,1,1,0,68,5227,44,9,10,5,1,SSH_BRUTE_FORCE
74,43882,22,60,1,1,0,0,76,7185,16,4,13,4,1,SSH_BRUTE_FORCE
63,37173,22,90,1,0,0,0,69,8821,28,7,13,1,1,SSH_BRUTE_FORCE
63,56323,22,87,1,1,0,0,44,2776,14,2,12,4,1,SSH_BRUTE_FORCE
109,57741,22,82,1,0,0,0,46,3666,42,2,3,1,1,SSH_BRUTE_FORCE
98,30359,22,79,1,0,0,0,14,4937,25,2,19,4,1,SSH_BRUTE_FORCE
62,48472,22,101,1,0,0,0,50,2527,27,1,12,2,1,SSH_BRUTE_FORCE
85,46391,22,64,1,1,1,0,55,3122,14,6,14,5,1,SSH_BRUTE_FORCE
92,33309,22,104,1,0,0,0,58,8814,45,1,10,1,1,SSH_BRUTE_FORCE
69,52360,22,99,1,0,0,0,39,4533,49,3,6,4,1,SSH_BRUTE_FORCE
93,53878,22,117,1,1,1,0,26,6554,26,6,20,3,1,SSH_BRUTE_FORCE
62,59185,22,127,1,1,0,0,36,2228,17,10,16,0,1,SSH_BRUTE_FORCE
111,30489,22,58,1,1,0,0,73,2541,37,6,6,2,1,SSH_BRUTE_FORCE
70,32233,22,75,1,1,1,0,21,2165,19,8,9,3,1,SSH_BRUTE_FORCE
76,55006,22,96,1,0,0,0,72,1648,31,5,13,3,1,SSH_BRUTE_FORCE
114,50305,22,127,1,0,1,0,56,9396,47,6,12,0,1,SSH_BRUTE_FORCE
103,43539,22,104,1,1,1,0,15,1934,23,9,1,1,1,SSH_BRUTE_FORCE
114,33450,22,77,1,1,0,0,61,2195,22,7,15,5,1,SSH_BRUTE_FORCE
65,41433,22,99,1,1,1,0,23,2406,19,2,13,3,1,SSH_BRUTE_FORCE
72,43157,22,82,1,0,1,0,53,8967,21,8,4,2,1,SSH_BRUTE_FORCE
89,31254,22,109,1,0,1,0,28,4497,28,10,2,4,1,SSH_BRUTE_FORCE
109,42461,22,47,1,1,1,0,70,4496,11,4,1,5,1,SSH_BRUTE_FORCE
87,38842,22,72,1,0,0,0,28,2134,25,7,3,2,1,SSH_BRUTE_FORCE
115,53337,22,97,1,1,0,0,43,4015,11,2,14,2,1,SSH_BRUTE_FORCE
108,39728,22,61,1,0,1,0,63,8890,38,9,6,5,1,SSH_BRUTE_FORCE
87,41622,22,128,1,1,0,0,35,2274,50,10,20,1,1,SSH_BRUTE_FORCE
80,51760,22,80,1,0,0,0,68,3416,39,6,4,5,1,SSH_BRUTE_FORCE
86,38611,22,106,1,0,1,0,26,8361,48,10,4,0,1,SSH_BRUTE_FORCE
73,54435,22,64,1,1,0,0,58,4541,30,4,7,5,1,SSH_BRUTE_FORCE
96,30470,22,87,1,1,0,0,48,6029,40,2,16,5,1,SSH_BRUTE_FORCE
89,43567,22,92,1,1,1,0,79,7977,41,6,4,1,1,SSH_BRUTE_FORCE
89,44037,22,87,1,0,0,0,79,8141,32,5,14,5,1,SSH_BRUTE_FORCE
78,53006,22,119,1,0,0,0,23,2468,49,1,20,3,1,SSH_BRUTE_FORCE
66,46266,22,119,1,0,1,0,74,1534,50,5,14,1,1,SSH_BRUTE_FORCE
74,55456,22,98,1,1,0,0,35,8693,15,6,15,3,1,SSH_BRUTE_FORCE
118,56883,22,122,1,1,0,0,57,4668,40,5,9,5,1,SSH_BRUTE_FORCE
76,40072,22,93,1,0,0,0,63,1535,8,1,5,2,1,SSH_BRUTE_FORCE
113,56761,22,106,1,1,1,0,31,8045,23,9,13,1,1,SSH_BRUTE_FORCE
99,51116,22,90,1,0,1,0,26,7396,19,7,11,4,1,SSH_BRUTE_FORCE
70,44332,22,69,1,0,0,0,74,2939,48,10,13,5,1,SSH_BRUTE_FORCE
118,38527,22,110,1,0,1,0,36,2527,13,1,14,0,1,SSH_BRUTE_FORCE
100,55232,22,115,1,0,0,0,79,2290,44,7,1,5,1,SSH_BRUTE_FORCE
106,34277,22,98,1,1,0,0,40,4633,27,4,18,1,1,SSH_BRUTE_FORCE
106,55559,22,88,1,1,0,0,45,2359,17,1,19,0,1,SSH_BRUTE_FORCE
67,45044,22,116,1,0,0,0,28,5627,24,3,3,0,1,SSH_BRUTE_FORCE
91,57676,22,86,1,0,1,0,22,9045,9,7,3,3,1,SSH_BRUTE_FORCE
100,32500,22,66,1,1,1,0,50,8387,18,3,10,0,1,SSH_BRUTE_FORCE
117,35854,22,124,1,0,0,0,53,6681,38,10,20,4,1,SSH_BRUTE_FORCE
60,35190,22,106,1,1,0,0,34,1484,42,1,17,4,1,SSH_BRUTE_FORCE
108,34992,22,67,1,1,0,0,37,1483,28,3,8,0,1,SSH_BRUTE_FORCE
106,52662,22,56,1,1,1,0,71,4264,13,6,18,5,1,SSH_BRUTE_FORCE
78,45304,22,103,1,1,1,0,34,5097,19,4,9,3,1,SSH_BRUTE_FORCE
66,49124,22,115,1,1,0,0,36,8992,35,8,14,4,1,SSH_BRUTE_FORCE
107,38902,22,80,1,0,1,0,64,4272,44,6,12,5,1,SSH_BRUTE_FORCE
112,32105,22,97,1,0,0,0,75,5146,45,7,10,4,1,SSH_BRUTE_FORCE
112,58745,22,122,1,1,1,0,13,2878,19,6,14,1,1,SSH_BRUTE_FORCE
82,38038,22,49,1,0,1,0,57,3376,28,2,1,2,1,SSH_BRUTE_FORCE
104,30357,22,82,1,0,1,0,51,4811,43,2,13,2,1,SSH_BRUTE_FORCE
98,36952,22,107,1,0,0,0,45,2225,44,7,14,2,1,SSH_BRUTE_FORCE
112,40489,22,65,1,0,0,0,73,9169,10,5,14,0,1,SSH_BRUTE_FORCE
67,44836,22,61,1,1,1,0,40,1348,26,1,19,0,1,SSH_BRUTE_FORCE
118,45131,22,76,1,0,1,0,14,9740,41,1,11,5,1,SSH_BRUTE_FORCE
61,32275,22,100,1,0,1,0,48,5500,28,6,13,0,1,SSH_BRUTE_FORCE
95,55382,22,80,1,1,0,0,60,5889,37,8,4,2,1,SSH_BRUTE_FORCE
120,50249,22,53,1,0,0,0,16,1170,16,2,11,5,1,SSH_BRUTE_FORCE
106,44276,22,68,1,0,0,0,34,7043,42,1,2,2,1,SSH_BRUTE_FORCE
116,55721,22,45,1,0,0,0,48,2229,24,6,20,3,1,SSH_BRUTE_FORCE
77,52893,22,61,1,0,1,0,25,3069,28,3,19,3,1,SSH_BRUTE_FORCE
100,44640,22,125,1,0,0,0,71,9029,25,6,16,1,1,SSH_BRUTE_FORCE
65,38644,22,77,1,0,1,0,41,4373,12,2,16,0,1,SSH_BRUTE_FORCE
73,30430,22,125,1,0,1,0,59,4078,39,2,11,1,1,SSH_BRUTE_FORCE
112,49350,22,107,1,1,1,0,68,3523,40,2,5,1,1,SSH_BRUTE_FORCE
118,41915,22,89,1,1,0,0,61,4079,12,5,14,1,1,SSH_BRUTE_FORCE
103,40064,22,113,1,0,0,0,69,2755,15,4,1,3,1,SSH_BRUTE_FORCE
71,38741,22,43,1,1,1,0,55,5351,15,9,3,2,1,SSH_BRUTE_FORCE
87,36948,22,59,1,1,1,0,75,6467,11,8,9,2,1,SSH_BRUTE_FORCE
66,31610,22,123,1,1,1,0,34,5816,20,7,6,4,1,SSH_BRUTE_FORCE
77,47352,22,117,1,1,1,0,23,1817,49,4,4,1,1,SSH_BRUTE_FORCE
67,31741,22,44,1,1,0,0,18,9718,14,5,8,4,1,SSH_BRUTE_FORCE
104,53456,22,91,1,1,1,0,22,4602,25,8,7,1,1,SSH_BRUTE_FORCE
110,36670,22,84,1,1,1,0,10,2544,19,9,20,3,1,SSH_BRUTE_FORCE
107,40004,22,128,1,0,0,0,50,2137,18,3,11,3,1,SSH_BRUTE_FORCE
69,30417,22,125,1,1,1,0,52,1341,19,5,3,1,1,SSH_BRUTE_FORCE
103,54912,22,41,1,1,1,0,10,9000,23,8,4,0,1,SSH_BRUTE_FORCE
112,30569,22,112,1,1,0,0,77,9243,18,3,4,0,1,SSH_BRUTE_FORCE
79,56341,22,82,1,1,1,0,54,9940,24,8,9,2,1,SSH_BRUTE_FORCE
89,30444,22,85,1,1,1,0,76,8935,15,5,17,5,1,SSH_BRUTE_FORCE
100,30679,22,58,1,1,0,0,28,6852,39,1,8,4,1,SSH_BRUTE_FORCE
107,52800,22,95,1,1,0,0,21,4175,32,2,9,5,1,SSH_BRUTE_FORCE
103,47855,22,97,1,0,1,0,54,6426,33,10,14,2,1,SSH_BRUTE_FORCE
79,36244,22,45,1,1,0,0,65,8455,44,6,10,0,1,SSH_BRUTE_FORCE
60,46348,22,127,1,0,1,0,29,9571,26,10,18,5,1,SSH_BRUTE_FORCE
70,39949,22,102,1,1,0,0,47,1255,37,1,7,2,1,SSH_BRUTE_FORCE
112,49433,22,55,1,0,1,0,49,1083,35,6,1,0,1,SSH_BRUTE_FORCE
76,34512,22,84,1,1,0,0,21,5434,17,4,14,4,1,SSH_BRUTE_FORCE
118,32644,22,77,1,0,0,0,70,6810,23,7,14,3,1,SSH_BRUTE_FORCE
117,33215,22,73,1,1,1,0,32,8140,28,10,5,5,1,SSH_BRUTE_FORCE
109,36537,22,72,1,0,1,0,80,4268,27,5,3,2,1,SSH_BRUTE_FORCE
96,50588,22,99,1,0,1,0,65,2573,16,9,15,5,1,SSH_BRUTE_FORCE
80,46509,22,127,1,1,1,0,55,8006,37,7,14,3,1,SSH_BRUTE_FORCE
61,59902,22,111,1,0,1,0,21,3303,47,5,8,4,1,SSH_BRUTE_FORCE
92,42226,22,56,1,1,0,0,60,3063,33,1,15,4,1,SSH_BRUTE_FORCE
89,57498,22,46,1,0,0,0,44,2753,29,10,4,2,1,SSH_BRUTE_FORCE
96,45776,22,128,1,1,0,0,25,9369,11,4,17,1,1,SSH_BRUTE_FORCE
95,54262,22,103,1,0,0,0,29,5929,48,5,1,3,1,SSH_BRUTE_FORCE
99,52537,22,65,1,0,0,0,10,3507,46,2,17,0,1,SSH_BRUTE_FORCE
75,36694,22,53,1,1,0,0,74,8271,33,1,4,2,1,SSH_BRUTE_FORCE
85,45850,22,63,1,0,1,0,66,3018,35,3,1,1,1,SSH_BRUTE_FORCE
69,56822,22,124,1,0,0,0,75,9956,20,8,16,2,1,SSH_BRUTE_FORCE
78,51873,22,52,1,1,1,0,45,7409,32,2,15,3,1,SSH_BRUTE_FORCE
112,43920,22,58,1,0,1,0,68,2968,44,7,1,4,1,SSH_BRUTE_FORCE
79,31116,22,122,1,1,0,0,55,3282,37,8,9,0,1,SSH_BRUTE_FORCE
70,41722,22,104,1,0,1,0,77,7399,40,2,6,5,1,SSH_BRUTE_FORCE
69,41529,22,123,1,1,1,0,27,5560,50,5,13,0,1,SSH_BRUTE_FORCE
118,57503,22,122,1,1,1,0,70,3955,44,9,17,2,1,SSH_BRUTE_FORCE
68,52864,22,81,1,1,1,0,18,1736,9,3,8,0,1,SSH_BRUTE_FORCE
102,33480,22,103,1,1,1,0,39,4876,14,3,13,3,1,SSH_BRUTE_FORCE
119,32109,22,47,1,1,0,0,14,2194,36,6,20,5,1,SSH_BRUTE_FORCE
113,30965,22,62,1,1,0,0,67,7187,16,10,18,1,1,SSH_BRUTE_FORCE
72,38273,22,102,1,1,1,0,38,4296,18,7,17,1,1,SSH_BRUTE_FORCE
65,49074,22,43,1,0,0,0,14,3302,8,6,14,4,1,SSH_BRUTE_FORCE
94,58327,22,49,1,1,0,0,77,9129,20,4,19,3,1,SSH_BRUTE_FORCE
92,41537,22,85,1,0,0,0,66,8004,48,7,3,4,1,SSH_BRUTE_FORCE
65,34167,22,106,1,1,0,0,25,9170,22,1,20,4,1,SSH_BRUTE_FORCE
81,30738,22,68,1,1,1,0,59,6863,12,3,10,0,1,SSH_BRUTE_FORCE
94,48853,22,70,1,1,1,0,17,9944,15,10,16,2,1,SSH_BRUTE_FORCE
101,30982,22,44,1,1,1,0,43,4285,29,1,5,1,1,SSH_BRUTE_FORCE
95,56763,22,82,1,0,0,0,73,2194,44,10,2,2,1,SSH_BRUTE_FORCE
64,43639,22,116,1,0,1,0,26,5432,10,2,2,3,1,SSH_BRUTE_FORCE
92,37380,22,123,1,1,1,0,71,5971,22,1,2,0,1,SSH_BRUTE_FORCE
109,55618,22,65,1,1,0,0,80,8899,11,7,13,5,1,SSH_BRUTE_FORCE
68,44081,22,94,1,0,0,0,66,2933,47,6,12,1,1,SSH_BRUTE_FORCE
81,44304,22,47,1,0,0,0,21,1164,22,7,18,4,1,SSH_BRUTE_FORCE
62,56272,22,41,1,0,0,0,19,1928,16,8,6,2,1,SSH_BRUTE_FORCE
62,40293,22,84,1,0,1,0,26,7517,38,2,3,0,1,SSH_BRUTE_FORCE
76,47814,22,66,1,1,1,0,38,8266,27,6,18,2,1,SSH_BRUTE_FORCE
115,51418,22,71,1,1,1,0,79,9248,14,1,12,3,1,SSH_BRUTE_FORCE
105,50377,22,102,1,1,0,0,36,3246,41,4,10,5,1,SSH_BRUTE_FORCE
95,36906,22,55,1,1,0,0,14,4851,36,8,4,0,1,SSH_BRUTE_FORCE
91,57404,22,44,1,1,1,0,59,5921,13,1,9,4,1,SSH_BRUTE_FORCE
84,46231,22,42,1,1,1,0,66,1727,22,4,13,1,1,SSH_BRUTE_FORCE
102,44125,22,108,1,0,1,0,14,9872,30,1,20,2,1,SSH_BRUTE_FORCE
119,57137,22,73,1,0,0,0,53,8111,35,1,4,4,1,SSH_BRUTE_FORCE
84,53635,22,126,1,1,1,0,64,9501,24,3,13,3,1,SSH_BRUTE_FORCE
107,37806,22,56,1,0,1,0,45,2401,23,9,10,2,1,SSH_BRUTE_FORCE
96,42930,22,44,1,1,1,0,44,5104,49,10,1,0,1,SSH_BRUTE_FORCE
79,48626,22,124,1,1,1,0,32,8271,37,1,15,0,1,SSH_BRUTE_FORCE
89,31212,22,85,1,1,0,0,62,1959,45,2,9,4,1,SSH_BRUTE_FORCE
95,40290,22,48,1,1,0,0,43,5524,24,8,5,1,1,SSH_BRUTE_FORCE
100,35717,22,58,1,0,0,0,24,1630,19,9,15,4,1,SSH_BRUTE_FORCE
80,31374,22,110,1,0,0,0,43,5217,9,6,18,5,1,SSH_BRUTE_FORCE
62,49679,22,70,1,1,0,0,19,9305,36,2,17,0,1,SSH_BRUTE_FORCE
75,36686,22,81,1,1,1,0,19,7987,26,3,1,2,1,SSH_BRUTE_FORCE
98,55826,22,86,1,1,1,0,57,8711,26,10,1,1,1,SSH_BRUTE_FORCE
83,31461,22,77,1,0,0,0,23,4464,28,9,17,4,1,SSH_BRUTE_FORCE
105,41273,22,67,1,1,0,0,29,7243,49,2,3,1,1,SSH_BRUTE_FORCE
96,46498,22,113,1,1,0,0,77,1842,46,8,17,4,1,SSH_BRUTE_FORCE
88,40385,22,74,1,0,1,0,41,6385,23,6,8,3,1,SSH_BRUTE_FORCE
80,54516,22,54,1,0,1,0,62,6929,13,6,18,4,1,SSH_BRUTE_FORCE
64,59970,22,86,1,1,0,0,67,7862,22,10,5,4,1,SSH_BRUTE_FORCE
75,55442,22,92,1,0,1,0,46,6596,28,2,3,3,1,SSH_BRUTE_FORCE
86,46548,22,58,1,1,0,0,33,8439,8,3,4,3,1,SSH_BRUTE_FORCE
76,55084,22,110,1,1,0,0,26,1558,35,1,6,0,1,SSH_BRUTE_FORCE
68,46872,22,107,1,1,1,0,55,3088,33,9,8,5,1,SSH_BRUTE_FORCE
78,33900,22,83,1,1,0,0,15,2208,30,8,14,5,1,SSH_BRUTE_FORCE
88,54271,22,95,1,1,1,0,27,4005,45,9,3,1,1,SSH_BRUTE_FORCE
117,30255,22,115,1,1,1,0,58,6250,36,3,17,5,1,SSH_BRUTE_FORCE
97,39152,22,52,1,0,1,0,73,6588,11,10,17,4,1,SSH_BRUTE_FORCE
97,46653,22,94,1,1,1,0,59,6219,19,3,2,5,1,SSH_BRUTE_FORCE
116,53952,22,66,1,1,1,0,50,2629,30,5,6,0,1,SSH_BRUTE_FORCE
78,38973,22,102,1,1,0,0,31,5726,24,10,4,1,1,SSH_BRUTE_FORCE
102,39130,22,58,1,0,0,0,80,9334,18,1,20,0,1,SSH_BRUTE_FORCE
117,47689,22,108,1,0,0,0,72,1422,31,4,10,4,1,SSH_BRUTE_FORCE
87,53989,22,96,1,0,1,0,47,2795,15,8,14,3,1,SSH_BRUTE_FORCE
76,32846,22,57,1,1,0,0,55,2295,22,2,11,1,1,SSH_BRUTE_FORCE
92,40988,22,75,1,1,0,0,50,1628,35,2,17,2,1,SSH_BRUTE_FORCE
72,57572,22,111,1,0,0,0,41,3242,45,7,8,5,1,SSH_BRUTE_FORCE
72,38692,22,100,1,0,1,0,33,9138,26,3,7,5,1,SSH_BRUTE_FORCE
116,32906,22,106,1,0,0,0,65,2102,39,9,20,1,1,SSH_BRUTE_FORCE
105,35836,22,44,1,1,1,0,58,4845,48,6,16,4,1,SSH_BRUTE_FORCE
102,35900,22,78,1,0,1,0,72,9031,48,7,20,2,1,SSH_BRUTE_FORCE
94,45760,22,77,1,0,0,0,24,5706,34,8,11,1,1,SSH_BRUTE_FORCE
102,43921,22,54,1,0,1,0,50,2860,30,7,5,3,1,SSH_BRUTE_FORCE
113,56369,22,102,1,1,0,0,13,5766,25,9,7,3,1,SSH_BRUTE_FORCE
63,48424,22,81,1,1,1,0,62,7412,36,7,13,2,1,SSH_BRUTE_FORCE
118,31790,22,74,1,1,0,0,53,1747,27,8,14,1,1,SSH_BRUTE_FORCE
96,58692,22,61,1,0,0,0,52,3117,46,9,1,5,1,SSH_BRUTE_FORCE
61,56293,22,88,1,0,1,0,55,2039,49,1,17,1,1,SSH_BRUTE_FORCE
83,47546,22,65,1,0,1,0,39,5754,18,6,11,3,1,SSH_BRUTE_FORCE
73,48119,22,71,1,0,0,0,12,9627,14,9,13,3,1,SSH_BRUTE_FORCE
62,35142,22,76,1,1,0,0,39,5051,10,5,4,3,1,SSH_BRUTE_FORCE
101,43131,22,56,1,1,0,0,19,2210,40,7,1,0,1,SSH_BRUTE_FORCE
107,57205,22,109,1,0,0,0,60,4183,46,5,11,3,1,SSH_BRUTE_FORCE
92,54362,22,42,1,1,1,0,68,4320,14,5,19,3,1,SSH_BRUTE_FORCE
84,39543,22,94,1,0,0,0,62,5563,38,5,18,4,1,SSH_BRUTE_FORCE
75,42530,22,42,1,1,1,0,57,9955,14,8,8,4,1,SSH_BRUTE_FORCE
61,43020,22,69,1,1,1,0,71,2785,49,5,11,1,1,SSH_BRUTE_FORCE
111,50641,22,50,1,0,0,0,36,9025,45,4,3,1,1,SSH_BRUTE_FORCE
85,50201,22,100,1,0,0,0,73,5129,34,5,11,1,1,SSH_BRUTE_FORCE
62,40533,22,128,1,1,0,0,44,4427,43,8,18,3,1,SSH_BRUTE_FORCE
80,51365,22,70,1,1,1,0,71,9428,43,2,4,3,1,SSH_BRUTE_FORCE
104,32539,22,88,1,0,0,0,30,9518,15,3,7,3,1,SSH_BRUTE_FORCE
115,33724,22,44,1,1,1,0,31,9594,39,3,18,3,1,SSH_BRUTE_FORCE
85,30303,22,77,1,0,1,0,47,5441,41,6,20,2,1,SSH_BRUTE_FORCE
96,51306,22,61,1,0,1,0,76,4349,47,6,17,4,1,SSH_BRUTE_FORCE
76,45470,22,99,1,0,1,0,27,3690,41,8,1,2,1,SSH_BRUTE_FORCE
86,35872,22,59,1,1,0,0,10,6109,20,4,4,4,1,SSH_BRUTE_FORCE
89,40847,22,52,1,0,1,0,30,2093,30,9,8,2,1,SSH_BRUTE_FORCE
100,30462,22,64,1,1,1,0,64,6009,31,10,13,2,1,SSH_BRUTE_FORCE
95,47728,22,122,1,0,0,0,29,2687,21,5,6,2,1,SSH_BRUTE_FORCE
96,33352,22,56,1,1,1,0,45,8756,21,3,1,1,1,SSH_BRUTE_FORCE
73,32992,22,118,1,0,0,0,31,8790,8,6,3,0,1,SSH_BRUTE_FORCE
68,46767,22,96,1,1,1,0,51,5957,40,2,8,4,1,SSH_BRUTE_FORCE
85,42363,22,89,1,1,1,0,49,9552,28,9,3,4,1,SSH_BRUTE_FORCE
113,37009,22,61,1,1,0,0,65,8235,39,5,4,4,1,SSH_BRUTE_FORCE
117,44267,22,123,1,1,0,0,13,6991,37,6,14,1,1,SSH_BRUTE_FORCE
99,48343,22,64,1,1,1,0,32,1174,20,8,12,4,1,SSH_BRUTE_FORCE
72,30183,22,115,1,1,1,0,22,7043,24,9,1,4,1,SSH_BRUTE_FORCE
77,31098,22,122,1,1,1,0,60,1719,24,5,2,4,1,SSH_BRUTE_FORCE
112,30997,22,100,1,1,1,0,32,8756,49,9,4,0,1,SSH_BRUTE_FORCE
83,30944,22,118,1,0,0,0,26,2356,34,2,2,3,1,SSH_BRUTE_FORCE
100,53284,22,47,1,1,0,0,79,5546,20,10,1,2,1,SSH_BRUTE_FORCE
113,52019,22,80,1,0,1,0,76,1232,50,7,14,5,1,SSH_BRUTE_FORCE
102,32014,22,48,1,0,0,0,44,2375,19,8,2,2,1,SSH_BRUTE_FORCE
98,36510,22,128,1,1,0,0,10,6098,25,9,12,0,1,SSH_BRUTE_FORCE
81,45278,22,112,1,0,1,0,21,2904,13,3,3,1,1,SSH_BRUTE_FORCE
80,49370,22,120,1,0,0,0,11,4563,48,6,15,0,1,SSH_BRUTE_FORCE
116,53733,22,71,1,1,0,0,26,6087,11,7,10,1,1,SSH_BRUTE_FORCE
77,34601,22,112,1,1,1,0,38,4084,25,4,6,2,1,SSH_BRUTE_FORCE
76,52857,22,96,1,1,0,0,72,6818,45,6,12,5,1,SSH_BRUTE_FORCE
93,44734,22,120,1,0,0,0,59,3551,42,10,7,5,1,SSH_BRUTE_FORCE
87,41367,22,122,1,1,0,0,53,9253,43,5,3,4,1,SSH_BRUTE_FORCE
109,36904,22,73,1,0,1,0,43,1515,15,9,6,3,1,SSH_BRUTE_FORCE
68,45310,22,115,1,1,1,0,58,1554,28,2,12,0,1,SSH_BRUTE_FORCE
70,43808,22,100,1,1,1,0,22,4065,30,5,6,3,1,SSH_BRUTE_FORCE
94,36100,22,42,1,1,1,0,65,7542,38,4,9,5,1,SSH_BRUTE_FORCE
83,49691,22,83,1,1,1,0,48,1657,22,9,4,3,1,SSH_BRUTE_FORCE
87,55364,22,74,1,1,0,0,30,9391,18,5,20,5,1,SSH_BRUTE_FORCE
120,47173,22,65,1,0,0,0,52,1881,13,5,5,2,1,SSH_BRUTE_FORCE
89,42975,22,61,1,1,0,0,28,4283,19,5,10,0,1,SSH_BRUTE_FORCE
71,37739,22,66,1,1,0,0,41,3525,43,6,1,3,1,SSH_BRUTE_FORCE
70,41295,22,52,1,1,1,0,37,8738,50,7,15,5,1,SSH_BRUTE_FORCE
75,55003,22,52,1,1,0,0,50,3187,33,6,10,5,1,SSH_BRUTE_FORCE
106,58596,22,94,1,1,0,0,54,9000,50,10,1,1,1,SSH_BRUTE_FORCE
116,49940,22,62,1,0,1,0,56,6568,40,1,20,4,1,SSH_BRUTE_FORCE
108,43047,22,49,1,0,0,0,73,4079,10,4,10,3,1,SSH_BRUTE_FORCE
65,41127,22,89,1,0,1,0,29,5668,27,7,16,0,1,SSH_BRUTE_FORCE
76,43819,22,62,1,0,1,0,76,2743,37,2,12,5,1,SSH_BRUTE_FORCE
106,33322,22,123,1,1,0,0,30,6226,16,10,17,3,1,SSH_BRUTE_FORCE
103,44899,22,41,1,1,1,0,64,1893,27,7,9,5,1,SSH_BRUTE_FORCE
100,33799,22,117,1,1,1,0,70,6489,42,6,4,1,1,SSH_BRUTE_FORCE
87,47423,22,89,1,0,0,0,10,6523,45,5,7,4,1,SSH_BRUTE_FORCE
112,50136,22,98,1,1,0,0,69,5615,10,2,16,3,1,SSH_BRUTE_FORCE
83,31640,22,116,1,1,1,0,64,6528,26,1,18,2,1,SSH_BRUTE_FORCE
71,39608,22,85,1,1,0,0,67,6318,27,1,20,0,1,SSH_BRUTE_FORCE
82,53983,22,44,1,1,0,0,32,2377,42,2,5,5,1,SSH_BRUTE_FORCE
69,50739,22,103,1,1,1,0,54,8504,47,4,17,4,1,SSH_BRUTE_FORCE
89,31331,22,49,1,1,1,0,14,3404,46,2,13,4,1,SSH_BRUTE_FORCE
106,32580,22,83,1,1,1,0,61,1366,19,5,3,3,1,SSH_BRUTE_FORCE
67,56006,22,64,1,1,1,0,75,9833,23,1,12,4,1,SSH_BRUTE_FORCE
90,37051,22,95,1,1,0,0,45,9217,50,1,20,3,1,SSH_BRUTE_FORCE
118,35939,22,126,1,1,1,0,10,7671,21,1,14,5,1,SSH_BRUTE_FORCE
68,39003,22,74,1,1,1,0,22,4626,22,1,11,1,1,SSH_BRUTE_FORCE
64,50033,22,76,1,1,1,0,52,9871,32,8,18,0,1,SSH_BRUTE_FORCE
81,41160,22,80,1,1,1,0,29,8568,39,4,18,5,1,SSH_BRUTE_FORCE
70,52052,22,89,1,1,1,0,14,2287,48,8,18,2,1,SSH_BRUTE_FORCE
65,36801,22,107,1,1,1,0,47,6166,36,8,1,1,1,SSH_BRUTE_FORCE
99,49167,22,61,1,1,1,0,63,1383,26,9,16,1,1,SSH_BRUTE_FORCE
84,47615,22,56,1,1,0,0,22,7483,21,4,4,4,1,SSH_BRUTE_FORCE
78,35853,22,60,1,1,1,0,55,4567,34,10,9,2,1,SSH_BRUTE_FORCE
109,41900,22,120,1,0,1,0,74,9775,42,7,8,3,1,SSH_BRUTE_FORCE
91,54799,22,99,1,1,1,0,30,3910,33,5,1,4,1,SSH_BRUTE_FORCE
113,40946,22,99,1,0,0,0,59,7850,34,7,7,5,1,SSH_BRUTE_FORCE
61,50279,22,68,1,0,0,0,62,1374,28,10,8,1,1,SSH_BRUTE_FORCE
96,50496,22,100,1,0,1,0,12,7378,43,9,7,1,1,SSH_BRUTE_FORCE
89,42093,22,70,1,0,1,0,35,6287,16,5,3,0,1,SSH_BRUTE_FORCE
73,48926,22,99,1,1,0,0,66,4963,19,8,17,5,1,SSH_BRUTE_FORCE
67,56335,22,117,1,1,0,0,41,8572,12,1,2,5,1,SSH_BRUTE_FORCE
103,43315,22,106,1,1,1,0,19,7833,24,9,4,5,1,SSH_BRUTE_FORCE
109,49889,22,122,1,0,1,0,71,1979,26,7,2,2,1,SSH_BRUTE_FORCE
85,53482,22,105,1,1,1,0,25,2697,17,5,19,0,1,SSH_BRUTE_FORCE
106,35536,22,86,1,1,1,0,28,4982,38,4,9,0,1,SSH_BRUTE_FORCE
81,51038,22,128,1,0,1,0,72,5009,24,6,10,5,1,SSH_BRUTE_FORCE
88,40835,22,97,1,1,1,0,14,3294,17,9,10,0,1,SSH_BRUTE_FORCE
74,58841,22,87,1,1,1,0,49,3593,44,5,16,5,1,SSH_BRUTE_FORCE
88,52061,22,77,1,0,0,0,28,5789,32,5,8,0,1,SSH_BRUTE_FORCE
114,36935,22,114,1,1,0,0,11,5250,31,9,17,3,1,SSH_BRUTE_FORCE
90,50265,22,61,1,1,0,0,74,6149,41,6,13,3,1,SSH_BRUTE_FORCE
101,35541,22,107,1,1,0,0,71,7223,8,2,11,1,1,SSH_BRUTE_FORCE
79,36764,22,68,1,0,1,0,25,4226,30,8,15,4,1,SSH_BRUTE_FORCE
118,50926,22,41,1,0,0,0,56,1538,33,2,11,4,1,SSH_BRUTE_FORCE
64,38895,22,110,1,0,0,0,67,9567,23,4,9,5,1,SSH_BRUTE_FORCE
71,52600,22,123,1,0,0,0,68,3907,10,10,9,4,1,SSH_BRUTE_FORCE
77,32993,22,64,1,0,0,0,76,5960,11,4,8,1,1,SSH_BRUTE_FORCE
97,54958,22,114,1,1,1,0,22,9797,11,6,3,1,1,SSH_BRUTE_FORCE
90,33814,22,96,1,0,1,0,35,2636,42,10,7,4,1,SSH_BRUTE_FORCE
91,39829,22,112,1,0,1,0,24,8252,49,4,19,5,1,SSH_BRUTE_FORCE
99,54757,22,98,1,0,1,0,62,5435,39,3,11,4,1,SSH_BRUTE_FORCE
90,46849,22,76,1,1,1,0,78,5079,29,5,18,4,1,SSH_BRUTE_FORCE
79,50510,22,96,1,0,0,0,72,1106,28,9,16,3,1,SSH_BRUTE_FORCE
70,35858,22,48,1,1,1,0,22,8261,29,9,6,1,1,SSH_BRUTE_FORCE
109,33562,22,69,1,0,1,0,74,6003,28,9,16,0,1,SSH_BRUTE_FORCE
103,39832,22,118,1,0,0,0,51,3562,20,7,6,1,1,SSH_BRUTE_FORCE
99,51711,22,60,1,1,1,0,63,5413,22,5,16,2,1,SSH_BRUTE_FORCE
83,34750,22,79,1,1,1,0,50,8368,27,7,19,3,1,SSH_BRUTE_FORCE
108,43668,22,40,1,1,0,0,62,6793,49,3,15,2,1,SSH_BRUTE_FORCE
61,56821,22,65,1,0,1,0,47,7119,9,6,14,3,1,SSH_BRUTE_FORCE
80,48286,22,111,1,0,0,0,74,8210,25,2,3,1,1,SSH_BRUTE_FORCE
70,40665,22,101,1,1,0,0,59,8979,23,5,20,4,1,SSH_BRUTE_FORCE
84,31943,22,52,1,0,1,0,45,9812,31,8,10,0,1,SSH_BRUTE_FORCE
90,34400,22,49,1,1,1,0,29,3464,45,5,19,1,1,SSH_BRUTE_FORCE
95,32883,22,96,1,0,1,0,79,5271,43,9,10,5,1,SSH_BRUTE_FORCE
61,34602,22,48,1,1,1,0,67,4519,19,6,15,1,1,SSH_BRUTE_FORCE
89,41868,22,82,1,0,1,0,42,1379,16,2,14,3,1,SSH_BRUTE_FORCE
85,56413,22,102,1,0,0,0,75,7119,9,10,14,0,1,SSH_BRUTE_FORCE
92,58609,22,81,1,1,1,0,52,2099,12,10,3,4,1,SSH_BRUTE_FORCE
109,33680,22,108,1,0,0,0,69,4127,12,7,9,3,1,SSH_BRUTE_FORCE
88,59142,22,59,1,1,0,0,33,6567,37,9,14,0,1,SSH_BRUTE_FORCE
85,48833,22,77,1,0,1,0,12,1139,22,6,14,1,1,SSH_BRUTE_FORCE
76,58035,22,68,1,1,1,0,35,6810,44,3,7,1,1,SSH_BRUTE_FORCE
73,40108,22,63,1,0,0,0,78,1646,16,9,12,0,1,SSH_BRUTE_FORCE
80,58526,22,80,1,0,0,0,35,5963,18,7,9,1,1,SSH_BRUTE_FORCE
119,37118,22,85,1,0,0,0,66,3017,32,1,15,5,1,SSH_BRUTE_FORCE
114,54245,22,66,1,1,0,0,67,8185,33,4,7,3,1,SSH_BRUTE_FORCE
97,56689,22,55,1,0,0,0,74,9462,15,3,7,0,1,SSH_BRUTE_FORCE
120,46027,22,117,1,1,1,0,63,4129,21,2,17,2,1,SSH_BRUTE_FORCE
90,38365,22,105,1,0,1,0,12,1118,32,7,13,0,1,SSH_BRUTE_FORCE
82,41809,22,79,1,0,1,0,48,4757,13,7,16,0,1,SSH_BRUTE_FORCE
120,39001,22,122,1,1,0,0,28,5079,19,10,1,1,1,SSH_BRUTE_FORCE
93,35103,22,57,1,1,0,0,17,4437,50,5,12,4,1,SSH_BRUTE_FORCE
86,56976,22,60,1,1,0,0,32,9496,17,3,12,0,1,SSH_BRUTE_FORCE
110,35320,22,43,1,1,0,0,49,7613,48,6,9,4,1,SSH_BRUTE_FORCE
80,30933,22,43,1,1,0,0,70,1560,17,7,2,4,1,SSH_BRUTE_FORCE
84,54985,22,116,1,0,0,0,22,1244,30,4,3,3,1,SSH_BRUTE_FORCE
64,33683,22,100,1,1,1,0,78,8215,16,10,1,2,1,SSH_BRUTE_FORCE
90,45384,22,72,1,0,1,0,79,6989,47,2,16,3,1,SSH_BRUTE_FORCE
107,57233,22,113,1,0,0,0,38,9433,16,3,8,5,1,SSH_BRUTE_FORCE
65,54352,22,52,1,1,1,0,23,5092,22,5,6,5,1,SSH_BRUTE_FORCE
102,39866,22,82,1,1,1,0,26,6373,35,6,5,4,1,SSH_BRUTE_FORCE
107,57877,22,44,1,1,0,0,35,3984,8,3,2,1,1,SSH_BRUTE_FORCE
70,43001,22,81,1,0,1,0,71,6634,20,10,13,3,1,SSH_BRUTE_FORCE
73,44850,22,119,1,1,1,0,25,5576,49,9,11,2,1,SSH_BRUTE_FORCE
117,36105,22,72,1,1,1,0,80,8476,50,2,11,4,1,SSH_BRUTE_FORCE
76,32068,22,86,1,1,0,0,79,3068,14,4,15,0,1,SSH_BRUTE_FORCE
67,48037,22,77,1,0,1,0,49,8414,35,9,3,4,1,SSH_BRUTE_FORCE
71,43027,22,105,1,0,0,0,38,1273,20,6,17,4,1,SSH_BRUTE_FORCE
109,34973,22,112,1,0,1,0,79,4775,41,3,12,1,1,SSH_BRUTE_FORCE
66,52295,22,61,1,0,0,0,79,7947,20,5,2,3,1,SSH_BRUTE_FORCE
78,42772,22,106,1,1,1,0,69,6274,16,5,1,0,1,SSH_BRUTE_FORCE
76,53210,22,111,1,1,0,0,18,1970,34,3,5,3,1,SSH_BRUTE_FORCE
112,35251,22,71,1,1,0,0,63,7406,45,4,8,2,1,SSH_BRUTE_FORCE
64,37415,22,75,1,0,1,0,25,3487,21,8,5,5,1,SSH_BRUTE_FORCE
77,54922,22,81,1,0,0,0,76,6098,41,2,20,3,1,SSH_BRUTE_FORCE
74,51640,22,96,1,1,0,0,79,8444,17,2,11,2,1,SSH_BRUTE_FORCE
120,31342,22,88,1,1,0,0,69,7978,45,3,16,2,1,SSH_BRUTE_FORCE
74,47132,22,53,1,0,1,0,40,9102,35,7,2,5,1,SSH_BRUTE_FORCE
66,58349,22,75,1,1,1,0,75,6387,34,5,12,0,1,SSH_BRUTE_FORCE
60,33313,22,102,1,0,1,0,38,8106,50,5,4,5,1,SSH_BRUTE_FORCE
91,48372,22,117,1,1,1,0,15,2766,45,2,19,0,1,SSH_BRUTE_FORCE
67,55035,22,70,1,1,1,0,60,1653,30,8,15,4,1,SSH_BRUTE_FORCE
115,47129,22,44,1,1,1,0,13,4539,44,3,1,5,1,SSH_BRUTE_FORCE
120,40779,22,52,1,1,1,0,13,8481,24,6,12,2,1,SSH_BRUTE_FORCE
75,39064,22,97,1,0,1,0,68,5311,18,4,18,4,1,SSH_BRUTE_FORCE
101,40547,22,91,1,1,0,0,73,2456,29,6,20,4,1,SSH_BRUTE_FORCE
107,56383,22,69,1,1,1,0,22,2481,48,7,11,4,1,SSH_BRUTE_FORCE
91,50954,22,63,1,1,0,0,43,8953,30,6,15,2,1,SSH_BRUTE_FORCE
108,35217,22,61,1,1,0,0,24,4109,45,5,17,5,1,SSH_BRUTE_FORCE
101,48365,22,77,1,0,1,0,19,4254,13,2,20,5,1,SSH_BRUTE_FORCE
85,57925,22,73,1,0,1,0,78,6796,33,3,13,0,1,SSH_BRUTE_FORCE
114,54126,22,77,1,0,1,0,38,8250,10,4,18,1,1,SSH_BRUTE_FORCE
102,38971,22,43,1,1,0,0,38,5019,22,8,7,1,1,SSH_BRUTE_FORCE
60,39725,22,71,1,0,1,0,66,7791,43,9,19,1,1,SSH_BRUTE_FORCE
86,36096,22,106,1,1,1,0,43,6963,24,7,12,2,1,SSH_BRUTE_FORCE
117,37690,22,80,1,1,0,0,27,6270,23,9,19,1,1,SSH_BRUTE_FORCE
66,55697,22,104,1,1,1,0,23,4732,30,9,8,3,1,SSH_BRUTE_FORCE
77,48817,22,46,1,1,1,0,73,8146,12,3,1,4,1,SSH_BRUTE_FORCE
88,48317,22,123,1,0,1,0,71,3422,12,6,3,5,1,SSH_BRUTE_FORCE
77,48669,22,72,1,0,1,0,65,3184,33,4,15,2,1,SSH_BRUTE_FORCE
94,52846,22,126,1,1,1,0,39,9322,34,3,18,5,1,SSH_BRUTE_FORCE
97,40304,22,40,1,0,1,0,25,2163,47,2,17,3,1,SSH_BRUTE_FORCE
106,35282,22,64,1,0,0,0,33,1483,49,8,4,2,1,SSH_BRUTE_FORCE
65,33085,22,91,1,1,1,0,58,8772,16,6,6,0,1,SSH_BRUTE_FORCE
79,41637,22,62,1,1,1,0,73,2486,19,5,13,1,1,SSH_BRUTE_FORCE
74,41508,22,122,1,0,1,0,67,2540,41,5,1,4,1,SSH_BRUTE_FORCE
63,48255,22,47,1,1,0,0,31,1028,41,1,1,2,1,SSH_BRUTE_FORCE
84,40035,22,43,1,1,0,0,32,4088,48,10,16,1,1,SSH_BRUTE_FORCE
94,37155,22,84,1,0,0,0,57,3898,36,3,17,1,1,SSH_BRUTE_FORCE
112,56836,22,96,1,0,0,0,78,2970,27,5,4,2,1,SSH_BRUTE_FORCE
103,35911,22,115,1,0,0,0,73,4164,46,3,20,2,1,SSH_BRUTE_FORCE
120,44898,22,124,1,1,1,0,24,2072,29,4,12,1,1,SSH_BRUTE_FORCE
75,56790,22,102,1,0,1,0,15,6870,11,8,19,0,1,SSH_BRUTE_FORCE
73,32980,43484,123,1,0,0,0,264,39559,388,4,5,0,5,SYN_FLOOD
73,42916,49606,109,1,0,0,0,429,18168,244,2,1,0,4,SYN_FLOOD
52,39599,61883,120,1,0,0,0,318,31492,322,3,0,0,4,SYN_FLOOD
41,46096,6837,81,1,0,0,0,387,36726,412,3,2,0,4,SYN_FLOOD
58,55258,44831,47,1,0,0,0,370,7728,196,0,2,0,5,SYN_FLOOD
76,47786,11362,122,1,0,0,0,260,8142,373,0,0,0,3,SYN_FLOOD
64,36168,23054,108,1,0,0,0,126,49837,322,5,4,0,5,SYN_FLOOD
51,46670,24303,127,1,0,0,0,457,7930,209,0,3,0,2,SYN_FLOOD
54,53344,20992,49,1,0,0,0,465,18343,353,1,4,0,5,SYN_FLOOD
40,31482,60430,88,1,0,0,0,205,12623,248,0,1,0,3,SYN_FLOOD
51,42776,54171,69,1,0,0,0,290,31342,122,1,1,0,5,SYN_FLOOD
55,50373,43813,73,1,0,0,0,316,49590,392,5,5,0,3,SYN_FLOOD
53,58792,42818,74,1,0,0,0,309,5670,312,3,3,0,3,SYN_FLOOD
52,56762,51068,102,1,0,0,0,229,44330,105,5,5,0,4,SYN_FLOOD
42,52806,50275,97,1,0,0,0,165,48447,453,1,0,0,1,SYN_FLOOD
47,35207,59128,102,1,0,0,0,134,17016,374,2,1,0,3,SYN_FLOOD
65,39332,35145,76,1,0,0,0,245,42362,233,0,0,0,4,SYN_FLOOD
52,32834,36357,103,1,0,0,0,202,13330,365,0,3,0,4,SYN_FLOOD
46,33650,14985,44,1,0,0,0,298,17089,142,5,0,0,2,SYN_FLOOD
67,50162,24308,96,1,0,0,0,478,14355,326,4,0,0,5,SYN_FLOOD
52,55183,13791,80,1,0,0,0,122,42276,107,1,2,0,3,SYN_FLOOD
51,41472,30280,65,1,0,0,0,429,8698,300,3,1,0,3,SYN_FLOOD
72,32085,14762,63,1,0,0,0,421,17736,271,5,5,0,4,SYN_FLOOD
41,58551,28871,48,1,0,0,0,225,44430,370,2,4,0,2,SYN_FLOOD
49,47928,63189,80,1,0,0,0,129,12298,450,0,3,0,5,SYN_FLOOD
74,30572,40540,61,1,0,0,0,470,26080,289,0,1,0,1,SYN_FLOOD
54,30193,24984,40,1,0,0,0,388,8828,298,4,0,0,2,SYN_FLOOD
80,31153,36939,109,1,0,0,0,137,6297,432,3,4,0,4,SYN_FLOOD
58,52466,40374,89,1,0,0,0,330,20575,449,3,4,0,3,SYN_FLOOD
62,50863,29818,101,1,0,0,0,178,34767,374,2,1,0,2,SYN_FLOOD
58,50876,47906,62,1,0,0,0,298,21856,182,2,5,0,1,SYN_FLOOD
67,56393,19652,58,1,0,0,0,121,35142,310,5,4,0,2,SYN_FLOOD
65,34096,55060,120,1,0,0,0,280,18638,307,3,3,0,4,SYN_FLOOD
68,44545,62415,89,1,0,0,0,337,28826,272,2,5,0,4,SYN_FLOOD
48,53701,34730,66,1,0,0,0,225,19218,464,1,4,0,2,SYN_FLOOD
79,41908,59006,99,1,0,0,0,380,31752,291,5,2,0,2,SYN_FLOOD
65,34631,30818,53,1,0,0,0,377,47745,331,2,4,0,4,SYN_FLOOD
43,36534,14233,83,1,0,0,0,382,15270,437,3,4,0,4,SYN_FLOOD
51,44515,1563,128,1,0,0,0,205,30294,390,5,1,0,3,SYN_FLOOD
76,55206,10215,122,1,0,0,0,305,42687,500,1,1,0,4,SYN_FLOOD
60,45354,16103,56,1,0,0,0,490,36895,261,4,4,0,5,SYN_FLOOD
80,58702,2314,126,1,0,0,0,149,9283,143,0,0,0,1,SYN_FLOOD
61,57938,5895,80,1,0,0,0,282,18304,480,1,1,0,3,SYN_FLOOD
44,41892,40845,80,1,0,0,0,398,34269,343,2,5,0,2,SYN_FLOOD
58,39936,6652,111,1,0,0,0,181,14962,183,3,0,0,5,SYN_FLOOD
79,43424,10374,111,1,0,0,0,382,46201,340,5,2,0,2,SYN_FLOOD
47,51753,61958,58,1,0,0,0,327,11361,486,0,1,0,4,SYN_FLOOD
70,42431,31253,61,1,0,0,0,492,6307,400,5,2,0,4,SYN_FLOOD
77,48740,11917,97,1,0,0,0,110,37228,443,4,2,0,3,SYN_FLOOD
45,59048,24247,48,1,0,0,0,190,13843,419,2,5,0,4,SYN_FLOOD
49,33636,65071,125,1,0,0,0,200,46564,264,2,5,0,1,SYN_FLOOD
62,49752,64460,103,1,0,0,0,108,45754,402,3,1,0,3,SYN_FLOOD
56,36292,33648,75,1,0,0,0,366,6536,350,2,1,0,1,SYN_FLOOD
55,52954,20096,73,1,0,0,0,329,33373,272,0,2,0,4,SYN_FLOOD
45,40909,36129,44,1,0,0,0,166,45905,105,5,4,0,1,SYN_FLOOD
59,42473,13084,100,1,0,0,0,294,30453,118,5,5,0,3,SYN_FLOOD
64,40998,24039,105,1,0,0,0,317,31685,462,2,1,0,3,SYN_FLOOD
56,48100,12643,102,1,0,0,0,244,22476,142,3,5,0,1,SYN_FLOOD
60,58228,33345,54,1,0,0,0,111,13423,490,0,1,0,1,SYN_FLOOD
51,42235,4258,59,1,0,0,0,392,20528,498,0,0,0,1,SYN_FLOOD
40,54133,52887,83,1,0,0,0,416,9612,179,4,5,0,4,SYN_FLOOD
80,58619,21686,125,1,0,0,0,154,45145,162,0,5,0,2,SYN_FLOOD
52,54447,60724,50,1,0,0,0,195,11009,467,0,0,0,4,SYN_FLOOD
54,36888,3277,50,1,0,0,0,298,25998,420,4,1,0,4,SYN_FLOOD
52,53207,64745,103,1,0,0,0,409,17193,340,2,5,0,5,SYN_FLOOD
43,44500,12120,104,1,0,0,0,103,10213,190,1,2,0,2,SYN_FLOOD
74,48855,63749,64,1,0,0,0,458,13127,459,0,1,0,2,SYN_FLOOD
60,54781,65011,69,1,0,0,0,183,30864,425,4,2,0,5,SYN_FLOOD
66,46602,41983,76,1,0,0,0,211,32952,228,2,5,0,2,SYN_FLOOD
73,30228,42916,127,1,0,0,0,228,23445,486,1,0,0,1,SYN_FLOOD
44,46184,22560,47,1,0,0,0,417,33186,140,5,5,0,4,SYN_FLOOD
40,54388,44205,51,1,0,0,0,263,43544,494,2,5,0,5,SYN_FLOOD
44,48651,17200,80,1,0,0,0,330,28469,480,3,2,0,4,SYN_FLOOD
59,55015,32053,80,1,0,0,0,379,17470,216,4,1,0,1,SYN_FLOOD
62,43426,30471,99,1,0,0,0,266,31426,337,3,3,0,2,SYN_FLOOD
49,54178,49189,89,1,0,0,0,314,6604,171,2,3,0,2,SYN_FLOOD
65,41983,915,95,1,0,0,0,438,16323,177,4,1,0,2,SYN_FLOOD
46,30537,25644,100,1,0,0,0,176,22753,272,1,0,0,4,SYN_FLOOD
65,35187,19892,110,1,0,0,0,242,19925,197,3,4,0,4,SYN_FLOOD
67,44257,62085,60,1,0,0,0,349,48633,130,2,0,0,1,SYN_FLOOD
60,53134,31242,117,1,0,0,0,248,14271,220,4,3,0,2,SYN_FLOOD
66,46072,850,79,1,0,0,0,423,15394,273,5,2,0,5,SYN_FLOOD
67,50041,7986,116,1,0,0,0,166,39710,244,2,5,0,3,SYN_FLOOD
48,42109,37050,100,1,0,0,0,132,6160,328,2,3,0,2,SYN_FLOOD
53,40688,45108,69,1,0,0,0,260,46541,343,2,4,0,3,SYN_FLOOD
76,56011,21697,64,1,0,0,0,165,26091,500,5,4,0,2,SYN_FLOOD
77,49968,15534,71,1,0,0,0,350,41916,340,0,2,0,5,SYN_FLOOD
46,42587,49165,58,1,0,0,0,419,26079,141,4,3,0,4,SYN_FLOOD
78,59505,58387,74,1,0,0,0,134,34457,299,1,2,0,2,SYN_FLOOD
63,57779,50972,47,1,0,0,0,342,21160,214,5,0,0,3,SYN_FLOOD
62,57028,40676,101,1,0,0,0,387,14576,239,2,3,0,3,SYN_FLOOD
78,58941,35148,65,1,0,0,0,430,17333,405,4,0,0,3,SYN_FLOOD
43,54100,57985,64,1,0,0,0,368,38038,244,1,3,0,4,SYN_FLOOD
40,39770,17105,66,1,0,0,0,173,24405,112,0,5,0,4,SYN_FLOOD
45,42079,30471,58,1,0,0,0,328,46018,295,4,1,0,5,SYN_FLOOD
68,54853,20585,53,1,0,0,0,240,34880,241,1,5,0,5,SYN_FLOOD
69,39331,10676,115,1,0,0,0,165,26155,108,0,0,0,3,SYN_FLOOD
75,45633,24172,58,1,0,0,0,261,29577,381,0,5,0,4,SYN_FLOOD
60,42960,11666,81,1,0,0,0,413,7263,429,2,2,0,5,SYN_FLOOD
76,31290,57886,105,1,0,0,0,128,13642,354,0,0,0,2,SYN_FLOOD
49,33350,34261,60,1,0,0,0,465,20401,147,2,2,0,3,SYN_FLOOD
45,43521,22517,48,1,0,0,0,352,31251,379,0,4,0,4,SYN_FLOOD
65,52760,10158,110,1,0,0,0,145,18582,329,1,0,0,3,SYN_FLOOD
54,37840,3704,122,1,0,0,0,449,41548,112,0,5,0,2,SYN_FLOOD
70,31389,2765,68,1,0,0,0,488,20247,178,1,4,0,3,SYN_FLOOD
60,42698,49543,121,1,0,0,0,443,30939,109,4,2,0,4,SYN_FLOOD
41,51942,46842,93,1,0,0,0,381,9453,120,1,4,0,1,SYN_FLOOD
53,37520,38191,102,1,0,0,0,103,27897,459,0,4,0,3,SYN_FLOOD
72,59444,54332,61,1,0,0,0,303,18944,177,4,0,0,5,SYN_FLOOD
58,38704,36456,87,1,0,0,0,361,30455,181,1,4,0,3,SYN_FLOOD
61,36415,21435,73,1,0,0,0,301,12809,433,2,3,0,1,SYN_FLOOD
68,49771,63422,123,1,0,0,0,443,38541,494,3,1,0,2,SYN_FLOOD
47,31365,25393,53,1,0,0,0,480,18473,202,4,5,0,3,SYN_FLOOD
53,59053,38880,78,1,0,0,0,284,35394,127,5,5,0,2,SYN_FLOOD
76,59170,57959,72,1,0,0,0,211,38495,112,2,0,0,2,SYN_FLOOD
51,58192,21885,66,1,0,0,0,355,30465,468,2,3,0,4,SYN_FLOOD
78,54702,10831,102,1,0,0,0,345,41754,405,2,5,0,2,SYN_FLOOD
44,50197,7030,40,1,0,0,0,115,45584,125,0,2,0,1,SYN_FLOOD
59,44583,24997,112,1,0,0,0,181,11372,127,2,1,0,2,SYN_FLOOD
67,54308,57439,87,1,0,0,0,138,23348,313,5,0,0,3,SYN_FLOOD
42,59442,7870,78,1,0,0,0,172,22217,333,1,0,0,1,SYN_FLOOD
70,35720,941,54,1,0,0,0,144,20388,333,4,5,0,5,SYN_FLOOD
57,38849,1479,112,1,0,0,0,345,9147,474,5,1,0,2,SYN_FLOOD
44,43026,44435,88,1,0,0,0,115,7435,354,3,3,0,4,SYN_FLOOD
51,30434,37799,45,1,0,0,0,436,9129,494,2,5,0,3,SYN_FLOOD
70,36642,52557,74,1,0,0,0,112,48990,239,1,1,0,4,SYN_FLOOD
40,51305,2892,112,1,0,0,0,322,41630,459,3,1,0,1,SYN_FLOOD
58,41928,5795,116,1,0,0,0,288,34901,341,4,1,0,3,SYN_FLOOD
63,53796,36112,109,1,0,0,0,174,26018,476,5,2,0,4,SYN_FLOOD
51,49012,26332,87,1,0,0,0,339,27769,492,2,1,0,4,SYN_FLOOD
74,43363,23615,95,1,0,0,0,144,44462,229,1,2,0,3,SYN_FLOOD
69,44770,49395,109,1,0,0,0,448,15766,121,2,4,0,2,SYN_FLOOD
78,41195,35404,120,1,0,0,0,481,15448,393,1,1,0,4,SYN_FLOOD
45,56982,27459,54,1,0,0,0,356,40651,121,4,0,0,5,SYN_FLOOD
40,38346,61244,110,1,0,0,0,440,15793,478,1,5,0,3,SYN_FLOOD
71,33831,21332,87,1,0,0,0,380,30884,367,5,3,0,2,SYN_FLOOD
76,41505,49141,92,1,0,0,0,452,11974,215,5,5,0,4,SYN_FLOOD
49,57339,45479,64,1,0,0,0,466,5039,358,0,3,0,2,SYN_FLOOD
44,52771,62267,79,1,0,0,0,223,31615,255,1,4,0,1,SYN_FLOOD
52,30770,1063,43,1,0,0,0,251,12934,206,1,5,0,1,SYN_FLOOD
44,38304,29662,55,1,0,0,0,316,28430,438,3,0,0,5,SYN_FLOOD
59,41244,25412,87,1,0,0,0,206,24908,319,4,4,0,4,SYN_FLOOD
80,50145,38885,45,1,0,0,0,447,37200,116,3,2,0,3,SYN_FLOOD
41,38381,45917,100,1,0,0,0,296,40325,494,0,3,0,5,SYN_FLOOD
79,58856,23007,127,1,0,0,0,351,6790,294,0,3,0,1,SYN_FLOOD
70,38262,35635,51,1,0,0,0,142,21081,470,5,5,0,1,SYN_FLOOD
69,42446,49090,83,1,0,0,0,223,44558,340,0,2,0,3,SYN_FLOOD
75,55466,46140,97,1,0,0,0,210,45220,310,0,0,0,2,SYN_FLOOD
77,58269,44253,43,1,0,0,0,359,34126,135,4,1,0,4,SYN_FLOOD
57,52843,37032,89,1,0,0,0,374,47841,470,0,2,0,5,SYN_FLOOD
47,52879,33865,102,1,0,0,0,189,34604,250,1,0,0,3,SYN_FLOOD
78,40859,27967,54,1,0,0,0,451,15144,139,1,3,0,4,SYN_FLOOD
55,30186,25383,123,1,0,0,0,190,29688,122,2,1,0,2,SYN_FLOOD
61,58362,44764,114,1,0,0,0,352,19990,465,3,5,0,1,SYN_FLOOD
46,35388,9123,56,1,0,0,0,479,44662,388,0,3,0,4,SYN_FLOOD
63,56028,45805,95,1,0,0,0,110,39417,455,2,5,0,5,SYN_FLOOD
46,43717,31042,44,1,0,0,0,242,33592,385,5,3,0,1,SYN_FLOOD
44,32858,17222,125,1,0,0,0,283,36105,305,4,1,0,2,SYN_FLOOD
47,30790,10617,51,1,0,0,0,392,17241,440,1,3,0,5,SYN_FLOOD
63,48263,17237,101,1,0,0,0,134,48008,194,4,3,0,1,SYN_FLOOD
75,31302,15221,65,1,0,0,0,175,24683,168,5,5,0,4,SYN_FLOOD
40,42185,3932,105,1,0,0,0,106,12389,368,5,2,0,5,SYN_FLOOD
73,30290,19880,57,1,0,0,0,263,20969,345,1,1,0,4,SYN_FLOOD
70,45687,14033,52,1,0,0,0,188,30418,383,5,5,0,5,SYN_FLOOD
44,34787,43718,56,1,0,0,0,361,14529,489,0,3,0,5,SYN_FLOOD
44,48551,10796,71,1,0,0,0,420,32099,420,2,1,0,3,SYN_FLOOD
66,31955,49308,95,1,0,0,0,121,26003,499,3,0,0,2,SYN_FLOOD
63,42804,29480,117,1,0,0,0,215,13344,345,4,4,0,4,SYN_FLOOD
80,35153,15817,116,1,0,0,0,366,23849,354,0,3,0,5,SYN_FLOOD
41,43674,4348,111,1,0,0,0,143,14539,495,5,0,0,3,SYN_FLOOD
57,42886,18405,99,1,0,0,0,432,27379,255,4,4,0,3,SYN_FLOOD
59,58029,62161,100,1,0,0,0,361,36967,297,5,4,0,5,SYN_FLOOD
78,49639,43320,113,1,0,0,0,170,35757,272,0,5,0,4,SYN_FLOOD
61,47456,33882,118,1,0,0,0,423,9124,228,5,2,0,3,SYN_FLOOD
58,49478,33654,69,1,0,0,0,260,26244,222,4,1,0,3,SYN_FLOOD
59,36286,54116,82,1,0,0,0,365,49308,310,2,2,0,5,SYN_FLOOD
67,51944,43196,64,1,0,0,0,493,45177,171,5,2,0,2,SYN_FLOOD
63,53351,35572,110,1,0,0,0,264,18399,336,4,4,0,2,SYN_FLOOD
47,53743,47366,77,1,0,0,0,426,21189,205,4,5,0,3,SYN_FLOOD
51,59074,42434,103,1,0,0,0,291,21097,300,3,5,0,3,SYN_FLOOD
76,45043,35220,83,1,0,0,0,174,21693,410,0,2,0,1,SYN_FLOOD
64,56644,36090,90,1,0,0,0,101,9361,196,2,3,0,4,SYN_FLOOD
75,49122,53816,75,1,0,0,0,361,42188,315,1,2,0,1,SYN_FLOOD
67,50581,64337,102,1,0,0,0,404,12083,343,3,3,0,3,SYN_FLOOD
47,34578,11869,55,1,0,0,0,285,8571,121,0,2,0,1,SYN_FLOOD
75,47538,17591,56,1,0,0,0,149,32739,204,0,5,0,5,SYN_FLOOD
43,30322,7303,83,1,0,0,0,419,23164,245,3,1,0,2,SYN_FLOOD
54,50260,39562,113,1,0,0,0,484,22480,382,2,1,0,2,SYN_FLOOD
41,48143,38281,80,1,0,0,0,490,19409,187,3,1,0,5,SYN_FLOOD
79,30571,62553,60,1,0,0,0,146,42436,479,4,2,0,4,SYN_FLOOD
47,33135,16135,92,1,0,0,0,213,20861,335,4,1,0,2,SYN_FLOOD
54,39157,7038,40,1,0,0,0,222,48985,257,3,4,0,5,SYN_FLOOD
64,44619,13985,69,1,0,0,0,151,10373,309,5,3,0,4,SYN_FLOOD
49,54220,58204,89,1,0,0,0,414,29914,111,4,2,0,2,SYN_FLOOD
71,44308,51747,107,1,0,0,0,275,26107,110,3,4,0,5,SYN_FLOOD
64,57466,28980,117,1,0,0,0,205,29442,173,5,0,0,5,SYN_FLOOD
64,35517,51647,91,1,0,0,0,206,19282,260,2,3,0,3,SYN_FLOOD
55,53426,19050,69,1,0,0,0,294,44350,340,0,5,0,5,SYN_FLOOD
55,51150,45717,48,1,0,0,0,331,6433,299,4,2,0,3,SYN_FLOOD
64,30671,32176,95,1,0,0,0,470,34184,317,0,3,0,3,SYN_FLOOD
62,37489,17638,86,1,0,0,0,233,36360,180,1,1,0,5,SYN_FLOOD
73,49631,34796,65,1,0,0,0,118,29998,286,0,1,0,1,SYN_FLOOD
50,33027,40335,110,1,0,0,0,125,21409,140,4,2,0,4,SYN_FLOOD
49,39606,9283,95,1,0,0,0,242,17191,217,3,2,0,2,SYN_FLOOD
73,32188,15193,51,1,0,0,0,417,8417,393,5,5,0,2,SYN_FLOOD
58,47954,30819,94,1,0,0,0,185,20482,108,1,4,0,1,SYN_FLOOD
44,55324,6653,74,1,0,0,0,500,16713,373,0,3,0,5,SYN_FLOOD
63,53698,11726,59,1,0,0,0,373,17242,225,0,2,0,2,SYN_FLOOD
57,46818,53301,42,1,0,0,0,356,38063,129,3,1,0,2,SYN_FLOOD
43,45370,10218,56,1,0,0,0,223,44909,288,4,2,0,4,SYN_FLOOD
55,44907,11479,54,1,0,0,0,465,21267,182,5,4,0,1,SYN_FLOOD
44,42367,8907,40,1,0,0,0,247,35197,370,3,5,0,4,SYN_FLOOD
75,47742,47595,91,1,0,0,0,368,35580,431,4,2,0,5,SYN_FLOOD
76,53539,54895,91,1,0,0,0,484,21477,368,3,1,0,5,SYN_FLOOD
71,34136,52746,44,1,0,0,0,205,9811,407,2,2,0,1,SYN_FLOOD
78,59627,27028,88,1,0,0,0,292,24629,291,0,2,0,4,SYN_FLOOD
52,54586,1052,67,1,0,0,0,322,46841,484,1,3,0,5,SYN_FLOOD
48,51268,52020,78,1,0,0,0,302,21023,172,0,1,0,4,SYN_FLOOD
56,45950,26165,99,1,0,0,0,464,35487,290,1,3,0,2,SYN_FLOOD
66,31682,16081,58,1,0,0,0,427,11637,251,2,0,0,3,SYN_FLOOD
69,59798,25334,123,1,0,0,0,321,10119,406,2,2,0,5,SYN_FLOOD
75,45633,2656,101,1,0,0,0,134,28100,269,1,2,0,5,SYN_FLOOD
50,30362,65019,52,1,0,0,0,174,41804,238,0,0,0,5,SYN_FLOOD
53,50665,34151,87,1,0,0,0,112,34383,306,2,4,0,4,SYN_FLOOD
62,50374,21401,76,1,0,0,0,288,8336,364,4,0,0,4,SYN_FLOOD
71,44201,50046,105,1,0,0,0,118,48667,499,4,5,0,5,SYN_FLOOD
72,32204,65448,59,1,0,0,0,293,26636,438,5,3,0,3,SYN_FLOOD
49,34659,49946,65,1,0,0,0,147,45427,296,2,3,0,2,SYN_FLOOD
42,31442,19852,41,1,0,0,0,168,17746,314,4,1,0,4,SYN_FLOOD
49,43989,35852,112,1,0,0,0,230,18802,100,0,1,0,1,SYN_FLOOD
56,53830,31632,48,1,0,0,0,212,35690,184,5,3,0,1,SYN_FLOOD
45,51935,30121,83,1,0,0,0,415,29387,340,2,4,0,5,SYN_FLOOD
75,59136,59070,82,1,0,0,0,423,48577,267,4,1,0,5,SYN_FLOOD
73,52367,18283,116,1,0,0,0,498,21075,215,0,3,0,4,SYN_FLOOD
57,40752,61600,105,1,0,0,0,253,37694,470,3,0,0,5,SYN_FLOOD
59,56269,56566,72,1,0,0,0,154,14697,384,1,1,0,2,SYN_FLOOD
69,59660,10044,52,1,0,0,0,457,40534,358,2,3,0,4,SYN_FLOOD
66,48565,21707,78,1,0,0,0,141,20892,183,4,3,0,1,SYN_FLOOD
60,59140,3730,95,1,0,0,0,307,33322,178,3,3,0,1,SYN_FLOOD
61,42136,7749,79,1,0,0,0,220,36884,351,3,4,0,2,SYN_FLOOD
65,44093,55670,70,1,0,0,0,246,20940,412,1,2,0,2,SYN_FLOOD
78,40719,38893,88,1,0,0,0,142,11596,142,0,5,0,1,SYN_FLOOD
49,47706,28085,103,1,0,0,0,147,47465,177,0,0,0,4,SYN_FLOOD
51,31071,8748,77,1,0,0,0,287,49481,451,5,2,0,5,SYN_FLOOD
45,31324,10828,79,1,0,0,0,269,11551,119,4,0,0,1,SYN_FLOOD
79,30006,53834,64,1,0,0,0,187,30615,351,0,2,0,5,SYN_FLOOD
58,50166,54844,107,1,0,0,0,136,45156,245,1,0,0,4,SYN_FLOOD
78,57931,17039,60,1,0,0,0,429,38743,149,3,4,0,2,SYN_FLOOD
58,31049,25782,83,1,0,0,0,440,15669,455,3,3,0,3,SYN_FLOOD
72,40040,19245,123,1,0,0,0,461,31286,314,1,2,0,3,SYN_FLOOD
53,37886,30231,59,1,0,0,0,460,15172,118,0,0,0,5,SYN_FLOOD
47,34839,7057,97,1,0,0,0,164,14786,470,0,2,0,3,SYN_FLOOD
60,48981,15680,101,1,0,0,0,322,31861,162,5,5,0,5,SYN_FLOOD
77,39913,61436,66,1,0,0,0,342,48003,117,2,1,0,4,SYN_FLOOD
52,41307,4330,46,1,0,0,0,116,21526,299,1,3,0,4,SYN_FLOOD
65,55681,46475,81,1,0,0,0,330,13709,267,5,5,0,4,SYN_FLOOD
60,59998,49252,112,1,0,0,0,458,17056,103,1,2,0,4,SYN_FLOOD
45,45954,57379,82,1,0,0,0,175,7754,171,1,4,0,5,SYN_FLOOD
71,39104,59462,65,1,0,0,0,469,16830,313,0,0,0,3,SYN_FLOOD
61,56221,40297,87,1,0,0,0,272,5179,153,3,4,0,2,SYN_FLOOD
53,34843,21792,127,1,0,0,0,437,38094,240,4,3,0,5,SYN_FLOOD
77,50069,60725,118,1,0,0,0,200,33504,494,5,0,0,4,SYN_FLOOD
77,47928,19019,108,1,0,0,0,486,34913,122,2,2,0,1,SYN_FLOOD
66,49310,41094,48,1,0,0,0,342,32344,337,4,4,0,2,SYN_FLOOD
60,57354,38725,68,1,0,0,0,330,22347,253,5,0,0,2,SYN_FLOOD
77,38327,25875,73,1,0,0,0,102,39782,217,0,1,0,4,SYN_FLOOD
55,43008,148,95,1,0,0,0,124,9987,240,4,4,0,4,SYN_FLOOD
41,46441,56922,121,1,0,0,0,256,44337,439,0,3,0,5,SYN_FLOOD
53,47501,43339,110,1,0,0,0,247,12593,220,3,4,0,3,SYN_FLOOD
51,47860,42999,65,1,0,0,0,107,49897,319,0,2,0,2,SYN_FLOOD
70,30677,6519,56,1,0,0,0,483,21920,186,5,2,0,3,SYN_FLOOD
66,35303,59373,94,1,0,0,0,204,15741,285,0,2,0,3,SYN_FLOOD
74,52660,35959,121,1,0,0,0,135,9995,179,0,0,0,2,SYN_FLOOD
44,55515,50485,74,1,0,0,0,191,12429,491,3,2,0,1,SYN_FLOOD
72,55100,54736,108,1,0,0,0,338,38474,162,3,5,0,5,SYN_FLOOD
57,55739,5458,85,1,0,0,0,147,28149,190,3,1,0,5,SYN_FLOOD
56,53767,1195,119,1,0,0,0,492,10663,132,1,1,0,3,SYN_FLOOD
50,47107,53427,128,1,0,0,0,373,17725,345,5,2,0,1,SYN_FLOOD
61,57967,25512,95,1,0,0,0,153,38581,497,3,1,0,2,SYN_FLOOD
52,50351,41779,101,1,0,0,0,496,43427,482,5,0,0,2,SYN_FLOOD
71,48266,50518,98,1,0,0,0,298,26116,428,2,1,0,1,SYN_FLOOD
42,44840,12327,40,1,0,0,0,392,28292,108,5,2,0,3,SYN_FLOOD
66,54567,54888,40,1,0,0,0,261,35374,143,1,0,0,5,SYN_FLOOD
73,48396,50209,54,1,0,0,0,403,13897,342,3,4,0,5,SYN_FLOOD
61,33924,40957,44,1,0,0,0,426,25779,225,2,4,0,4,SYN_FLOOD
58,31275,56273,53,1,0,0,0,128,24674,440,1,5,0,3,SYN_FLOOD
64,35014,18394,83,1,0,0,0,310,9875,371,2,0,0,4,SYN_FLOOD
59,54203,19650,92,1,0,0,0,111,6713,245,2,1,0,1,SYN_FLOOD
48,47201,39513,116,1,0,0,0,151,28758,158,0,2,0,3,SYN_FLOOD
60,59111,8109,63,1,0,0,0,395,18913,398,0,1,0,1,SYN_FLOOD
57,40206,55147,110,1,0,0,0,486,40475,140,5,4,0,5,SYN_FLOOD
74,39738,59397,110,1,0,0,0,436,24499,151,3,0,0,3,SYN_FLOOD
66,33046,43116,82,1,0,0,0,237,8411,170,0,0,0,5,SYN_FLOOD
40,33500,58419,101,1,0,0,0,121,35751,284,3,4,0,1,SYN_FLOOD
56,35203,38723,111,1,0,0,0,226,10374,271,1,1,0,5,SYN_FLOOD
46,50671,53232,42,1,0,0,0,340,19314,473,5,1,0,2,SYN_FLOOD
72,37818,64858,92,1,0,0,0,102,49656,367,2,4,0,2,SYN_FLOOD
71,47942,15592,47,1,0,0,0,320,18828,413,5,3,0,2,SYN_FLOOD
73,39591,22562,57,1,0,0,0,307,43716,310,4,2,0,3,SYN_FLOOD
55,50197,56108,55,1,0,0,0,461,32539,230,5,4,0,4,SYN_FLOOD
40,33755,26578,115,1,0,0,0,197,21576,453,1,4,0,2,SYN_FLOOD
77,33931,63385,125,1,0,0,0,227,13680,464,0,1,0,2,SYN_FLOOD
42,53961,4732,127,1,0,0,0,302,13713,211,2,0,0,5,SYN_FLOOD
40,51359,13776,54,1,0,0,0,456,5901,311,0,2,0,2,SYN_FLOOD
68,34731,9633,122,1,0,0,0,163,29166,266,3,3,0,5,SYN_FLOOD
57,44529,43459,65,1,0,0,0,425,14562,205,3,2,0,2,SYN_FLOOD
55,46053,32042,75,1,0,0,0,323,8206,229,0,3,0,4,SYN_FLOOD
50,32012,51210,47,1,0,0,0,483,35064,368,2,1,0,4,SYN_FLOOD
47,58878,18823,58,1,0,0,0,245,23306,190,3,0,0,4,SYN_FLOOD
73,32139,38436,98,1,0,0,0,278,24870,429,1,3,0,2,SYN_FLOOD
57,57507,31250,89,1,0,0,0,238,15515,345,1,3,0,2,SYN_FLOOD
41,55592,15364,122,1,0,0,0,348,30203,212,4,4,0,2,SYN_FLOOD
47,38771,47268,87,1,0,0,0,367,21699,453,0,2,0,5,SYN_FLOOD
59,54458,26458,42,1,0,0,0,132,42169,154,1,2,0,3,SYN_FLOOD
55,54829,62763,125,1,0,0,0,384,45212,394,4,1,0,4,SYN_FLOOD
73,30110,9772,42,1,0,0,0,267,41298,314,4,2,0,1,SYN_FLOOD
70,36337,12280,53,1,0,0,0,475,25076,469,3,2,0,3,SYN_FLOOD
77,36536,41213,91,1,0,0,0,442,44424,389,4,2,0,1,SYN_FLOOD
64,45461,40936,65,1,0,0,0,225,26280,123,2,2,0,4,SYN_FLOOD
55,47448,21852,103,1,0,0,0,216,33234,387,0,5,0,1,SYN_FLOOD
46,48519,58716,57,1,0,0,0,218,31917,122,1,3,0,4,SYN_FLOOD
74,54202,4759,53,1,0,0,0,448,40950,325,5,1,0,2,SYN_FLOOD
53,37158,24306,52,1,0,0,0,118,21807,105,4,3,0,1,SYN_FLOOD
57,51070,38577,97,1,0,0,0,207,11126,274,1,4,0,1,SYN_FLOOD
45,56391,16405,116,1,0,0,0,374,46229,489,1,0,0,4,SYN_FLOOD
57,47729,10947,124,1,0,0,0,487,5416,350,1,3,0,3,SYN_FLOOD
46,32906,33011,114,1,0,0,0,217,42727,242,0,3,0,3,SYN_FLOOD
62,54685,29646,111,1,0,0,0,456,15767,113,5,0,0,5,SYN_FLOOD
41,51866,18040,64,1,0,0,0,188,15286,219,5,0,0,2,SYN_FLOOD
52,57108,13702,65,1,0,0,0,167,24333,335,0,5,0,4,SYN_FLOOD
54,50271,8816,44,1,0,0,0,160,18380,287,5,2,0,4,SYN_FLOOD
49,52541,4147,60,1,0,0,0,342,29778,103,1,2,0,1,SYN_FLOOD
74,35737,44856,93,1,0,0,0,155,10559,491,1,1,0,1,SYN_FLOOD
49,43600,7107,95,1,0,0,0,217,15891,236,5,4,0,5,SYN_FLOOD
73,59521,61083,115,1,0,0,0,399,26630,331,1,4,0,5,SYN_FLOOD
76,37064,62497,97,1,0,0,0,317,16281,412,3,2,0,3,SYN_FLOOD
56,49866,14035,42,1,0,0,0,200,31595,251,3,4,0,4,SYN_FLOOD
45,58662,38103,54,1,0,0,0,455,13308,127,1,5,0,5,SYN_FLOOD
47,48352,31413,90,1,0,0,0,432,43054,464,5,1,0,1,SYN_FLOOD
73,35891,35326,69,1,0,0,0,164,20760,125,4,4,0,5,SYN_FLOOD
44,37913,35325,110,1,0,0,0,142,27224,368,4,0,0,3,SYN_FLOOD
56,40881,35974,57,1,0,0,0,191,7884,318,3,1,0,2,SYN_FLOOD
54,52897,41698,51,1,0,0,0,365,14687,419,3,0,0,4,SYN_FLOOD
80,47915,5254,81,1,0,0,0,335,15789,448,2,2,0,1,SYN_FLOOD
42,55083,756,43,1,0,0,0,496,48573,453,0,5,0,1,SYN_FLOOD
45,40567,10809,121,1,0,0,0,399,10312,142,5,1,0,4,SYN_FLOOD
46,44384,51358,108,1,0,0,0,431,29349,129,5,5,0,5,SYN_FLOOD
41,53567,9816,85,1,0,0,0,260,29841,444,0,4,0,3,SYN_FLOOD
58,38546,10439,50,1,0,0,0,379,14695,407,5,4,0,5,SYN_FLOOD
70,39410,32188,106,1,0,0,0,493,10020,177,1,2,0,5,SYN_FLOOD
79,55831,2783,80,1,0,0,0,294,35728,120,4,3,0,4,SYN_FLOOD
41,31446,39270,46,1,0,0,0,101,48387,233,1,3,0,3,SYN_FLOOD
80,41189,5813,86,1,0,0,0,470,38809,240,4,1,0,4,SYN_FLOOD
64,48448,8058,70,1,0,0,0,311,14782,237,4,1,0,3,SYN_FLOOD
63,51670,3212,86,1,0,0,0,258,16156,395,3,5,0,1,SYN_FLOOD
75,53405,2581,120,1,0,0,0,340,8475,308,1,1,0,4,SYN_FLOOD
78,58050,40253,111,1,0,0,0,335,45507,281,0,4,0,5,SYN_FLOOD
51,34121,4229,47,1,0,0,0,237,8079,162,3,2,0,5,SYN_FLOOD
47,59170,36425,107,1,0,0,0,478,5325,233,5,5,0,3,SYN_FLOOD
51,47939,62158,100,1,0,0,0,355,21319,364,1,3,0,2,SYN_FLOOD
73,51225,4206,91,1,0,0,0,237,20874,179,5,0,0,2,SYN_FLOOD
65,50285,44428,77,1,0,0,0,471,16198,367,4,5,0,3,SYN_FLOOD
66,39751,10394,42,1,0,0,0,224,32511,487,5,1,0,3,SYN_FLOOD
73,44119,14017,53,1,0,0,0,258,21505,142,3,0,0,4,SYN_FLOOD
58,50697,25552,60,1,0,0,0,281,29488,487,2,0,0,2,SYN_FLOOD
65,55842,15013,126,1,0,0,0,288,27277,378,5,1,0,3,SYN_FLOOD
52,58359,59732,42,1,0,0,0,442,10544,340,3,2,0,4,SYN_FLOOD
57,58281,19045,105,1,0,0,0,394,39757,358,0,1,0,1,SYN_FLOOD
63,37911,36444,104,1,0,0,0,365,16695,241,2,5,0,2,SYN_FLOOD
69,49991,54510,47,1,0,0,0,444,27277,119,2,5,0,1,SYN_FLOOD
58,37825,13412,67,1,0,0,0,206,28269,199,4,2,0,5,SYN_FLOOD
60,58949,46458,55,1,0,0,0,302,19541,172,0,0,0,1,SYN_FLOOD
78,44901,34486,99,1,0,0,0,469,13111,378,0,4,0,2,SYN_FLOOD
55,49441,5992,120,1,0,0,0,447,17975,352,1,1,0,4,SYN_FLOOD
60,37396,2570,92,1,0,0,0,117,10035,142,4,4,0,4,SYN_FLOOD
60,42757,6247,99,1,0,0,0,356,31686,498,4,5,0,5,SYN_FLOOD
40,30349,59737,63,1,0,0,0,206,6741,115,4,0,0,3,SYN_FLOOD
66,33670,36028,56,1,0,0,0,405,39332,106,1,5,0,4,SYN_FLOOD
61,45475,41736,103,1,0,0,0,235,23589,405,0,5,0,4,SYN_FLOOD
40,58910,40702,127,1,0,0,0,209,30674,288,4,2,0,2,SYN_FLOOD
43,32498,20397,117,1,0,0,0,136,13072,369,5,4,0,3,SYN_FLOOD
46,47669,19153,68,1,0,0,0,218,31017,371,3,2,0,1,SYN_FLOOD
77,34564,49580,92,1,0,0,0,199,16180,470,1,1,0,5,SYN_FLOOD
78,46575,9692,49,1,0,0,0,222,34575,240,2,2,0,4,SYN_FLOOD
44,33022,16722,44,1,0,0,0,456,24264,166,4,4,0,4,SYN_FLOOD
42,57183,24041,120,1,0,0,0,110,27117,221,3,3,0,4,SYN_FLOOD
67,55910,48743,45,1,0,0,0,365,11290,159,5,1,0,4,SYN_FLOOD
41,31381,61857,64,1,0,0,0,128,39095,204,2,3,0,4,SYN_FLOOD
78,32896,53620,43,1,0,0,0,297,15092,450,3,0,0,3,SYN_FLOOD
53,33275,62442,62,1,0,0,0,493,19326,230,2,2,0,1,SYN_FLOOD
67,46681,36064,63,1,0,0,0,323,42489,155,3,5,0,4,SYN_FLOOD
67,55003,36791,122,1,0,0,0,173,45709,207,4,2,0,3,SYN_FLOOD
42,33795,15867,78,1,0,0,0,383,5324,370,3,1,0,3,SYN_FLOOD
59,37779,31254,125,1,0,0,0,381,39642,169,3,0,0,2,SYN_FLOOD
54,51139,24531,118,1,0,0,0,470,13135,127,0,5,0,3,SYN_FLOOD
68,52646,45480,42,1,0,0,0,410,8112,359,2,4,0,5,SYN_FLOOD
44,56322,18963,76,1,0,0,0,393,16913,108,5,3,0,3,SYN_FLOOD
77,56454,10853,91,1,0,0,0,487,44180,461,4,4,0,4,SYN_FLOOD
79,48766,52958,88,1,0,0,0,499,48042,251,4,5,0,5,SYN_FLOOD
78,54445,47826,126,1,0,0,0,447,34897,145,4,2,0,2,SYN_FLOOD
74,55674,23999,114,1,0,0,0,296,46731,391,1,1,0,3,SYN_FLOOD
76,33373,19295,42,1,0,0,0,495,37796,258,4,4,0,2,SYN_FLOOD
51,59181,12477,53,1,0,0,0,194,19616,250,1,3,0,4,SYN_FLOOD
76,48345,62956,47,1,0,0,0,308,45777,458,0,4,0,4,SYN_FLOOD
49,43041,41959,55,1,0,0,0,334,32374,115,5,3,0,2,SYN_FLOOD
53,40141,36809,69,1,0,0,0,366,44762,212,2,5,0,5,SYN_FLOOD
63,51305,15989,106,1,0,0,0,170,48074,387,0,2,0,1,SYN_FLOOD
62,43352,58149,124,1,0,0,0,160,14336,455,4,4,0,4,SYN_FLOOD
61,30981,35996,58,1,0,0,0,307,43699,490,2,4,0,2,SYN_FLOOD
67,51656,17436,51,1,0,0,0,381,30063,393,3,2,0,4,SYN_FLOOD
80,32385,60520,67,1,0,0,0,107,41817,346,3,0,0,2,SYN_FLOOD
52,56451,34637,80,1,0,0,0,392,27075,484,0,2,0,2,SYN_FLOOD
57,43063,35486,59,1,0,0,0,223,43509,495,2,4,0,3,SYN_FLOOD
80,59458,2659,43,1,0,0,0,184,36353,485,1,0,0,1,SYN_FLOOD
72,44229,39348,90,1,0,0,0,299,9102,128,0,3,0,5,SYN_FLOOD
52,32459,5323,125,1,0,0,0,198,45100,271,0,0,0,1,SYN_FLOOD
64,47295,3670,118,1,0,0,0,431,23300,141,2,5,0,5,SYN_FLOOD
44,58109,48348,81,1,0,0,0,127,34696,308,1,5,0,5,SYN_FLOOD
52,58568,38173,96,1,0,0,0,428,31944,421,1,0,0,3,SYN_FLOOD
54,50889,18337,74,1,0,0,0,108,37457,325,3,4,0,3,SYN_FLOOD
65,35318,3814,97,1,0,0,0,171,31425,490,3,5,0,2,SYN_FLOOD
78,34495,22581,42,1,0,0,0,384,11033,481,3,5,0,4,SYN_FLOOD
64,31562,64356,60,1,0,0,0,389,44439,134,2,0,0,4,SYN_FLOOD
73,52106,34966,73,1,0,0,0,134,17797,201,1,3,0,2,SYN_FLOOD
45,34347,62535,80,1,0,0,0,283,16222,203,2,3,0,1,SYN_FLOOD
69,47848,60763,50,1,0,0,0,337,5697,204,1,5,0,1,SYN_FLOOD
45,49756,10708,40,1,0,0,0,294,12380,212,3,1,0,5,SYN_FLOOD
60,34337,30654,103,1,0,0,0,379,42580,276,3,0,0,2,SYN_FLOOD
53,44663,4872,125,1,0,0,0,379,24446,257,2,4,0,1,SYN_FLOOD
50,58329,37933,81,1,0,0,0,124,14230,302,2,4,0,1,SYN_FLOOD
46,44128,18049,76,1,0,0,0,127,20499,331,1,5,0,3,SYN_FLOOD
46,43053,30829,108,1,0,0,0,155,14291,337,5,3,0,5,SYN_FLOOD
50,59988,12233,49,1,0,0,0,107,15582,427,0,3,0,5,SYN_FLOOD
74,57109,11954,53,1,0,0,0,421,17673,233,4,3,0,2,SYN_FLOOD
76,47895,22292,102,1,0,0,0,474,44747,324,1,3,0,2,SYN_FLOOD
74,37963,57452,54,1,0,0,0,363,16614,378,5,2,0,4,SYN_FLOOD
41,41091,15002,113,1,0,0,0,484,34467,478,0,3,0,5,SYN_FLOOD
74,53566,41724,94,1,0,0,0,306,49613,160,3,3,0,1,SYN_FLOOD
65,58210,61486,103,1,0,0,0,220,31547,365,1,0,0,3,SYN_FLOOD
40,42324,35431,58,1,0,0,0,143,48182,187,1,1,0,3,SYN_FLOOD
60,52081,10435,51,1,0,0,0,301,49482,437,2,0,0,3,SYN_FLOOD
74,44656,61412,53,1,0,0,0,451,22361,307,4,1,0,1,SYN_FLOOD
73,51341,50469,62,1,0,0,0,137,42396,171,2,4,0,4,SYN_FLOOD
69,54738,38940,45,1,0,0,0,385,43707,373,5,2,0,2,SYN_FLOOD
67,50428,39909,109,1,0,0,0,247,40830,108,1,1,0,1,SYN_FLOOD
61,56161,2223,117,1,0,0,0,454,20060,439,4,3,0,5,SYN_FLOOD
56,46625,63509,77,1,0,0,0,431,13518,252,4,2,0,5,SYN_FLOOD
72,48138,41256,48,1,0,0,0,431,10505,245,2,3,0,5,SYN_FLOOD
72,45003,63074,44,1,0,0,0,455,47915,325,0,2,0,2,SYN_FLOOD
55,59333,35650,91,1,0,0,0,329,30591,344,1,4,0,2,SYN_FLOOD
41,50171,29623,75,1,0,0,0,294,10111,414,0,5,0,4,SYN_FLOOD
71,50002,34879,103,1,0,0,0,296,40518,176,4,4,0,4,SYN_FLOOD
72,46293,47091,59,1,0,0,0,166,25979,364,4,1,0,4,SYN_FLOOD
42,55904,42160,108,1,0,0,0,262,49666,368,0,3,0,2,SYN_FLOOD
80,55965,15564,87,1,0,0,0,126,22650,115,5,2,0,4,SYN_FLOOD
64,53844,40603,82,1,0,0,0,451,34926,391,0,0,0,1,SYN_FLOOD
50,39161,58968,109,1,0,0,0,190,27454,291,2,2,0,2,SYN_FLOOD
73,42883,30192,115,1,0,0,0,301,17852,171,2,4,0,3,SYN_FLOOD
51,50915,16163,121,1,0,0,0,168,49795,372,5,4,0,3,SYN_FLOOD
65,57207,56779,68,1,0,0,0,199,40794,393,0,2,0,4,SYN_FLOOD
50,38543,5218,127,1,0,0,0,448,26487,195,4,2,0,4,SYN_FLOOD
51,59948,61934,83,1,0,0,0,299,15989,394,1,3,0,5,SYN_FLOOD
54,58453,45522,68,1,0,0,0,275,39717,411,5,2,0,1,SYN_FLOOD
54,58195,64975,104,1,0,0,0,154,41695,463,3,2,0,3,SYN_FLOOD
41,51162,32089,106,1,0,0,0,234,30315,386,2,0,0,5,SYN_FLOOD
60,54772,31967,127,1,0,0,0,247,22151,214,0,1,0,3,SYN_FLOOD
80,50420,7863,126,1,0,0,0,362,42811,138,0,3,0,5,SYN_FLOOD
70,35400,3073,65,1,0,0,0,367,26863,397,1,2,0,1,SYN_FLOOD
45,57478,23870,66,1,0,0,0,301,25157,145,2,2,0,4,SYN_FLOOD
46,40707,54238,81,1,0,0,0,203,12026,210,5,1,0,3,SYN_FLOOD
79,59035,14056,93,1,0,0,0,343,39375,149,1,3,0,4,SYN_FLOOD
60,31500,1053,119,1,0,0,0,236,14809,456,5,0,0,3,SYN_FLOOD
45,31153,50878,85,1,0,0,0,190,34925,296,4,4,0,1,SYN_FLOOD
77,47161,30992,111,1,0,0,0,130,44653,475,1,3,0,1,SYN_FLOOD
57,41828,8505,70,1,0,0,0,363,39523,385,2,3,0,2,SYN_FLOOD
48,40842,36531,94,1,0,0,0,313,8825,266,4,4,0,4,SYN_FLOOD
68,47659,28981,75,1,0,0,0,252,15983,170,3,5,0,3,SYN_FLOOD
72,41052,64432,125,1,0,0,0,243,40477,423,2,5,0,5,SYN_FLOOD
67,41918,52207,80,1,0,0,0,464,45216,247,1,4,0,2,SYN_FLOOD
59,50132,59670,55,1,0,0,0,142,33056,270,0,1,0,1,SYN_FLOOD
42,31404,10220,79,1,0,0,0,290,46888,217,4,5,0,2,SYN_FLOOD
44,37747,8594,122,1,0,0,0,159,26363,262,0,1,0,1,SYN_FLOOD
60,41138,31492,44,1,0,0,0,367,18375,424,5,3,0,5,SYN_FLOOD
51,52347,6578,76,1,0,0,0,255,23636,366,4,4,0,4,SYN_FLOOD
64,49216,40630,102,1,0,0,0,173,37740,453,1,3,0,4,SYN_FLOOD
80,55848,28906,77,1,0,0,0,429,32084,176,5,0,0,2,SYN_FLOOD
63,57720,33772,61,1,0,0,0,288,23868,207,0,4,0,2,SYN_FLOOD
51,53185,35610,53,1,0,0,0,477,13763,197,0,1,0,2,SYN_FLOOD
78,34692,57585,122,1,0,0,0,103,46085,256,4,0,0,1,SYN_FLOOD
64,54192,532,51,1,0,0,0,366,21039,312,2,3,0,2,SYN_FLOOD
53,53512,36225,99,1,0,0,0,276,6587,372,1,3,0,4,SYN_FLOOD
73,53139,5708,125,1,0,0,0,333,16596,192,2,3,0,4,SYN_FLOOD
60,38530,48945,86,1,0,0,0,387,46139,236,3,1,0,4,SYN_FLOOD
49,58270,37436,44,1,0,0,0,266,14335,416,0,4,0,4,SYN_FLOOD
64,59479,43102,110,1,0,0,0,223,11701,300,0,4,0,2,SYN_FLOOD
68,33962,42299,100,1,0,0,0,189,9149,334,5,1,0,2,SYN_FLOOD
68,55795,47003,67,1,0,0,0,389,47952,398,1,0,0,3,SYN_FLOOD
51,35653,10171,113,1,0,0,0,390,45292,209,5,3,0,2,SYN_FLOOD
46,54012,27991,81,1,0,0,0,436,43350,138,5,2,0,2,SYN_FLOOD
75,48043,9429,70,1,0,0,0,185,26305,434,2,5,0,2,SYN_FLOOD
816,40492,443,74,1,1,0,0,162,306430,4,477,0,5,1,HTTP_FLOOD
1409,37171,80,90,1,1,0,0,226,60255,5,270,0,2,1,HTTP_FLOOD
919,48927,443,118,0,1,0,0,192,284265,5,398,0,3,1,HTTP_FLOOD
405,36120,80,96,0,1,0,0,182,79065,3,226,0,5,1,HTTP_FLOOD
1359,54895,443,54,0,1,0,0,351,421153,3,170,0,4,1,HTTP_FLOOD
1462,37963,80,59,0,1,0,0,445,444657,1,168,0,2,1,HTTP_FLOOD
1213,53894,80,110,0,1,0,0,188,69743,1,235,0,4,1,HTTP_FLOOD
1401,49876,443,106,1,1,0,0,278,408401,2,454,0,5,1,HTTP_FLOOD
1162,51867,443,63,0,1,0,0,426,330488,4,131,0,0,1,HTTP_FLOOD
813,30568,443,78,0,1,0,0,298,388379,1,393,0,4,1,HTTP_FLOOD
1056,33587,443,48,1,1,0,0,183,160127,5,147,0,0,1,HTTP_FLOOD
705,51066,80,115,1,1,0,0,439,62598,1,255,0,1,1,HTTP_FLOOD
1378,39082,80,47,0,1,0,0,102,352277,4,340,0,0,1,HTTP_FLOOD
830,52504,443,51,0,1,0,0,174,258571,1,424,0,1,1,HTTP_FLOOD
710,33786,80,60,0,1,0,0,451,417212,4,309,0,3,1,HTTP_FLOOD
685,31753,80,117,0,1,0,0,159,109092,4,306,0,0,1,HTTP_FLOOD
665,59926,80,45,0,1,0,0,416,428363,1,328,0,1,1,HTTP_FLOOD
1102,51683,443,71,0,1,0,0,418,441524,2,118,0,2,1,HTTP_FLOOD
794,44137,443,83,0,1,0,0,374,57030,2,333,0,5,1,HTTP_FLOOD
1017,55449,80,59,1,1,0,0,190,102669,1,245,0,0,1,HTTP_FLOOD
1208,50491,80,83,0,1,0,0,395,398611,3,168,0,1,1,HTTP_FLOOD
987,42306,80,42,0,1,0,0,458,494005,3,279,0,5,1,HTTP_FLOOD
1179,57513,80,123,0,1,0,0,209,425218,5,405,0,2,1,HTTP_FLOOD
662,55533,443,42,0,1,0,0,217,287887,1,172,0,2,1,HTTP_FLOOD
790,43889,443,110,1,1,0,0,376,242251,4,257,0,1,1,HTTP_FLOOD
834,57732,80,73,0,1,0,0,480,458169,2,113,0,1,1,HTTP_FLOOD
1386,31763,443,55,1,1,0,0,414,134910,4,218,0,4,1,HTTP_FLOOD
1413,39107,80,61,0,1,0,0,326,426879,1,320,0,3,1,HTTP_FLOOD
445,43511,80,56,0,1,0,0,244,328421,1,275,0,2,1,HTTP_FLOOD
934,58313,80,127,0,1,0,0,213,417631,3,116,0,1,1,HTTP_FLOOD
520,34085,80,118,1,1,0,0,307,310249,5,493,0,5,1,HTTP_FLOOD
1324,42077,443,79,0,1,0,0,289,282161,5,446,0,2,1,HTTP_FLOOD
1161,39340,443,62,0,1,0,0,228,301433,1,170,0,2,1,HTTP_FLOOD
1345,44227,80,54,0,1,0,0,384,81141,1,363,0,0,1,HTTP_FLOOD
479,36790,80,92,0,1,0,0,151,285576,4,241,0,0,1,HTTP_FLOOD
1401,35304,443,106,0,1,0,0,378,56883,5,149,0,5,1,HTTP_FLOOD
1150,44672,80,58,0,1,0,0,468,106718,3,460,0,0,1,HTTP_FLOOD
1349,32766,80,105,0,1,0,0,309,287483,1,226,0,0,1,HTTP_FLOOD
1346,53351,80,82,0,1,0,0,124,476244,3,284,0,4,1,HTTP_FLOOD
964,46122,443,65,1,1,0,0,189,109876,2,112,0,0,1,HTTP_FLOOD
1291,35954,443,108,1,1,0,0,328,273298,4,405,0,2,1,HTTP_FLOOD
1416,30972,80,55,0,1,0,0,270,154314,2,410,0,3,1,HTTP_FLOOD
720,56954,443,72,1,1,0,0,301,279013,2,140,0,2,1,HTTP_FLOOD
531,47190,80,57,1,1,0,0,109,66821,1,236,0,3,1,HTTP_FLOOD
1249,43944,80,79,1,1,0,0,420,358970,1,486,0,0,1,HTTP_FLOOD
638,31657,443,115,1,1,0,0,441,295030,1,229,0,0,1,HTTP_FLOOD
440,54543,443,114,0,1,0,0,378,452796,5,134,0,5,1,HTTP_FLOOD
952,48814,80,80,0,1,0,0,441,421053,1,262,0,1,1,HTTP_FLOOD
486,38372,80,115,1,1,0,0,431,485227,5,354,0,3,1,HTTP_FLOOD
1483,46148,80,122,0,1,0,0,201,292875,5,324,0,5,1,HTTP_FLOOD
646,56662,443,88,1,1,0,0,152,265423,4,150,0,1,1,HTTP_FLOOD
842,45891,443,46,1,1,0,0,345,349377,3,227,0,1,1,HTTP_FLOOD
756,54975,443,95,0,1,0,0,207,436383,5,442,0,4,1,HTTP_FLOOD
992,49099,80,118,1,1,0,0,107,85124,3,184,0,3,1,HTTP_FLOOD
685,30862,80,99,0,1,0,0,363,291561,5,187,0,0,1,HTTP_FLOOD
582,43459,80,60,0,1,0,0,422,471134,3,148,0,4,1,HTTP_FLOOD
571,37707,443,127,1,1,0,0,175,108697,1,327,0,0,1,HTTP_FLOOD
1500,46503,443,124,0,1,0,0,136,336585,4,233,0,2,1,HTTP_FLOOD
1495,34529,80,55,1,1,0,0,282,323650,5,477,0,1,1,HTTP_FLOOD
1301,46608,443,96,0,1,0,0,376,140479,1,113,0,2,1,HTTP_FLOOD
495,43722,443,80,1,1,0,0,441,99124,2,196,0,3,1,HTTP_FLOOD
574,39815,443,51,0,1,0,0,180,317857,4,445,0,4,1,HTTP_FLOOD
953,55934,80,116,1,1,0,0,386,314601,2,337,0,5,1,HTTP_FLOOD
1203,48959,443,125,0,1,0,0,236,72615,5,281,0,1,1,HTTP_FLOOD
641,38475,80,114,1,1,0,0,157,235917,4,122,0,3,1,HTTP_FLOOD
908,35800,443,76,0,1,0,0,270,428989,4,281,0,0,1,HTTP_FLOOD
1342,49039,443,63,1,1,0,0,427,73680,5,315,0,5,1,HTTP_FLOOD
979,57364,443,89,0,1,0,0,468,188847,5,319,0,0,1,HTTP_FLOOD
944,44845,443,59,0,1,0,0,327,56089,2,387,0,2,1,HTTP_FLOOD
609,42646,80,60,1,1,0,0,396,448484,2,422,0,3,1,HTTP_FLOOD
963,47780,80,40,0,1,0,0,236,330295,4,372,0,5,1,HTTP_FLOOD
1427,37469,80,95,0,1,0,0,232,257192,4,177,0,4,1,HTTP_FLOOD
1311,49724,80,94,0,1,0,0,419,486742,1,145,0,2,1,HTTP_FLOOD
551,37027,80,115,0,1,0,0,283,396649,5,427,0,1,1,HTTP_FLOOD
818,53420,443,53,0,1,0,0,209,299094,4,100,0,2,1,HTTP_FLOOD
782,38146,80,72,1,1,0,0,384,317934,1,305,0,2,1,HTTP_FLOOD
444,59819,80,86,1,1,0,0,484,208381,4,174,0,2,1,HTTP_FLOOD
655,50194,80,94,1,1,0,0,432,66549,2,456,0,2,1,HTTP_FLOOD
960,30925,443,91,0,1,0,0,340,446154,4,482,0,0,1,HTTP_FLOOD
1456,34154,443,116,0,1,0,0,379,333661,1,305,0,3,1,HTTP_FLOOD
697,33175,443,50,1,1,0,0,238,266897,5,153,0,1,1,HTTP_FLOOD
1068,50399,80,90,1,1,0,0,235,336216,4,415,0,5,1,HTTP_FLOOD
909,52900,443,119,1,1,0,0,259,315668,4,390,0,2,1,HTTP_FLOOD
584,40725,443,115,1,1,0,0,260,471306,1,156,0,0,1,HTTP_FLOOD
676,53670,80,47,1,1,0,0,284,179182,4,455,0,0,1,HTTP_FLOOD
1119,33715,80,100,0,1,0,0,316,407966,1,216,0,4,1,HTTP_FLOOD
1208,36787,443,80,0,1,0,0,310,421907,2,151,0,4,1,HTTP_FLOOD
932,40736,443,116,0,1,0,0,294,304546,1,125,0,0,1,HTTP_FLOOD
1016,56443,80,78,1,1,0,0,191,74619,3,292,0,3,1,HTTP_FLOOD
961,55739,443,95,1,1,0,0,310,76215,3,323,0,2,1,HTTP_FLOOD
731,30470,443,80,1,1,0,0,286,306916,4,274,0,4,1,HTTP_FLOOD
459,48717,443,79,1,1,0,0,213,150814,5,411,0,0,1,HTTP_FLOOD
1270,34287,80,87,1,1,0,0,307,249890,2,424,0,1,1,HTTP_FLOOD
1257,41026,443,46,0,1,0,0,303,381677,3,409,0,4,1,HTTP_FLOOD
1110,37500,80,41,1,1,0,0,182,498567,2,160,0,1,1,HTTP_FLOOD
711,39637,80,97,1,1,0,0,344,413829,4,259,0,3,1,HTTP_FLOOD
675,55028,443,118,0,1,0,0,299,64548,1,140,0,1,1,HTTP_FLOOD
975,53237,80,51,1,1,0,0,357,477444,3,373,0,4,1,HTTP_FLOOD
1195,31965,80,108,0,1,0,0,155,298819,5,364,0,3,1,HTTP_FLOOD
1385,53296,443,111,0,1,0,0,200,91488,2,395,0,4,1,HTTP_FLOOD
1133,44551,80,74,1,1,0,0,169,426584,4,234,0,1,1,HTTP_FLOOD
1270,32494,80,54,0,1,0,0,127,156897,5,228,0,1,1,HTTP_FLOOD
1380,41211,80,95,1,1,0,0,456,358670,4,485,0,4,1,HTTP_FLOOD
498,45112,443,121,0,1,0,0,288,188793,5,189,0,2,1,HTTP_FLOOD
661,34043,80,104,1,1,0,0,229,239807,3,124,0,0,1,HTTP_FLOOD
1279,38338,443,123,1,1,0,0,246,391944,4,273,0,5,1,HTTP_FLOOD
698,58503,80,49,0,1,0,0,171,151475,2,465,0,3,1,HTTP_FLOOD
984,55223,443,127,0,1,0,0,330,279841,4,491,0,1,1,HTTP_FLOOD
897,51774,443,122,0,1,0,0,350,138982,1,198,0,4,1,HTTP_FLOOD
1177,52448,80,49,1,1,0,0,281,424455,1,435,0,4,1,HTTP_FLOOD
524,56253,80,117,1,1,0,0,226,483429,1,230,0,2,1,HTTP_FLOOD
798,31087,443,117,0,1,0,0,266,427060,5,357,0,1,1,HTTP_FLOOD
946,50451,80,82,0,1,0,0,256,56194,1,458,0,5,1,HTTP_FLOOD
612,46865,80,90,1,1,0,0,342,314847,3,363,0,0,1,HTTP_FLOOD
1270,41316,80,75,1,1,0,0,230,401286,3,233,0,2,1,HTTP_FLOOD
1275,31752,80,108,1,1,0,0,452,84580,4,408,0,4,1,HTTP_FLOOD
845,44756,80,41,1,1,0,0,223,387457,5,163,0,1,1,HTTP_FLOOD
1499,44958,443,108,1,1,0,0,418,347742,5,317,0,4,1,HTTP_FLOOD
1480,46858,80,128,0,1,0,0,256,214889,4,396,0,5,1,HTTP_FLOOD
672,57443,443,53,1,1,0,0,330,407052,2,229,0,3,1,HTTP_FLOOD
876,31193,80,116,1,1,0,0,463,182452,2,237,0,1,1,HTTP_FLOOD
817,57251,80,115,1,1,0,0,183,323397,2,221,0,4,1,HTTP_FLOOD
611,34946,80,122,1,1,0,0,115,255466,2,390,0,1,1,HTTP_FLOOD
753,46943,80,113,0,1,0,0,185,126391,1,122,0,0,1,HTTP_FLOOD
430,36065,80,62,0,1,0,0,108,83046,5,297,0,3,1,HTTP_FLOOD
1288,42432,80,45,0,1,0,0,360,491070,5,443,0,4,1,HTTP_FLOOD
1384,53424,443,55,0,1,0,0,380,93836,3,196,0,2,1,HTTP_FLOOD
1185,56111,80,76,0,1,0,0,470,173329,5,248,0,2,1,HTTP_FLOOD
899,51009,80,115,0,1,0,0,347,194894,4,500,0,4,1,HTTP_FLOOD
683,36389,443,79,1,1,0,0,401,215880,1,117,0,0,1,HTTP_FLOOD
806,54029,80,98,1,1,0,0,193,51839,3,242,0,2,1,HTTP_FLOOD
1176,44337,80,82,0,1,0,0,452,74157,4,321,0,5,1,HTTP_FLOOD
1198,43830,443,51,0,1,0,0,106,389374,4,289,0,2,1,HTTP_FLOOD
577,53231,80,68,1,1,0,0,100,473500,4,377,0,2,1,HTTP_FLOOD
605,43068,443,119,1,1,0,0,121,324093,5,107,0,2,1,HTTP_FLOOD
798,44086,443,110,0,1,0,0,250,340435,2,293,0,4,1,HTTP_FLOOD
1229,35220,443,117,1,1,0,0,107,326800,2,376,0,3,1,HTTP_FLOOD
1465,59416,80,100,1,1,0,0,500,372104,1,286,0,0,1,HTTP_FLOOD
1159,56307,443,63,1,1,0,0,332,492442,1,391,0,3,1,HTTP_FLOOD
1172,30765,80,56,0,1,0,0,144,119573,4,459,0,2,1,HTTP_FLOOD
1330,57828,80,88,0,1,0,0,254,91240,5,102,0,4,1,HTTP_FLOOD
1154,34561,80,99,1,1,0,0,271,317647,3,160,0,3,1,HTTP_FLOOD
1396,44972,443,51,0,1,0,0,349,205607,4,408,0,1,1,HTTP_FLOOD
552,33164,80,75,0,1,0,0,411,423696,5,306,0,1,1,HTTP_FLOOD
1292,38725,80,60,0,1,0,0,408,300362,3,362,0,4,1,HTTP_FLOOD
552,44721,80,73,1,1,0,0,236,119148,1,383,0,2,1,HTTP_FLOOD
1001,42217,443,45,1,1,0,0,322,458683,5,164,0,0,1,HTTP_FLOOD
689,34139,443,103,0,1,0,0,463,351215,1,475,0,0,1,HTTP_FLOOD
529,50713,443,68,1,1,0,0,309,194236,1,335,0,1,1,HTTP_FLOOD
832,57108,80,75,1,1,0,0,190,313768,2,386,0,4,1,HTTP_FLOOD
1071,59079,443,40,0,1,0,0,145,304528,5,433,0,4,1,HTTP_FLOOD
774,35272,443,97,0,1,0,0,146,121434,4,137,0,3,1,HTTP_FLOOD
1164,30204,443,48,0,1,0,0,279,344890,1,146,0,0,1,HTTP_FLOOD
1161,30033,80,99,0,1,0,0,436,95179,3,195,0,3,1,HTTP_FLOOD
565,54495,80,86,0,1,0,0,325,77913,5,169,0,1,1,HTTP_FLOOD
489,31075,443,49,1,1,0,0,403,214579,1,102,0,3,1,HTTP_FLOOD
925,59689,80,104,1,1,0,0,387,422966,3,457,0,2,1,HTTP_FLOOD
864,56565,80,112,1,1,0,0,311,360954,5,393,0,1,1,HTTP_FLOOD
1244,41292,80,116,1,1,0,0,242,297577,1,311,0,5,1,HTTP_FLOOD
580,50460,80,100,0,1,0,0,259,475164,5,142,0,1,1,HTTP_FLOOD
544,31163,443,82,0,1,0,0,178,234441,5,439,0,4,1,HTTP_FLOOD
1225,37267,80,48,1,1,0,0,251,161849,3,324,0,2,1,HTTP_FLOOD
1473,55032,80,83,0,1,0,0,315,327841,1,307,0,2,1,HTTP_FLOOD
1291,31275,443,97,0,1,0,0,401,337285,2,467,0,2,1,HTTP_FLOOD
1013,47758,80,110,1,1,0,0,190,216681,2,295,0,5,1,HTTP_FLOOD
1010,43300,80,109,0,1,0,0,269,225108,1,328,0,3,1,HTTP_FLOOD
966,53091,80,90,1,1,0,0,329,374992,3,280,0,0,1,HTTP_FLOOD
1145,43011,80,66,0,1,0,0,473,482355,1,404,0,0,1,HTTP_FLOOD
1082,59567,443,53,0,1,0,0,352,379747,3,474,0,0,1,HTTP_FLOOD
608,59146,80,52,0,1,0,0,151,292587,5,298,0,0,1,HTTP_FLOOD
439,34663,443,77,1,1,0,0,449,253982,1,451,0,5,1,HTTP_FLOOD
762,35511,80,91,1,1,0,0,219,215217,3,457,0,0,1,HTTP_FLOOD
762,30021,80,125,0,1,0,0,193,279500,3,389,0,2,1,HTTP_FLOOD
521,30346,80,93,0,1,0,0,140,217513,1,272,0,1,1,HTTP_FLOOD
774,59704,443,123,1,1,0,0,325,382249,5,273,0,0,1,HTTP_FLOOD
1297,39257,80,103,0,1,0,0,491,282229,2,166,0,3,1,HTTP_FLOOD
501,41595,443,122,0,1,0,0,218,399399,1,124,0,0,1,HTTP_FLOOD
1204,39432,80,78,0,1,0,0,204,411774,5,160,0,0,1,HTTP_FLOOD
968,41410,80,44,0,1,0,0,319,73911,5,413,0,5,1,HTTP_FLOOD
982,32110,80,109,1,1,0,0,420,371614,1,213,0,5,1,HTTP_FLOOD
1089,58852,80,109,1,1,0,0,277,448440,2,291,0,5,1,HTTP_FLOOD
1097,34800,80,86,1,1,0,0,136,67436,1,308,0,3,1,HTTP_FLOOD
426,51106,80,90,1,1,0,0,380,80822,1,379,0,3,1,HTTP_FLOOD
1299,45646,443,45,0,1,0,0,345,312644,3,455,0,5,1,HTTP_FLOOD
656,53483,80,124,0,1,0,0,391,494742,3,257,0,4,1,HTTP_FLOOD
1167,58242,80,42,0,1,0,0,301,307308,4,293,0,1,1,HTTP_FLOOD
1084,40750,80,67,0,1,0,0,424,232420,1,137,0,3,1,HTTP_FLOOD
835,42434,443,72,0,1,0,0,300,146282,3,154,0,3,1,HTTP_FLOOD
1500,38348,80,114,0,1,0,0,421,147921,5,459,0,1,1,HTTP_FLOOD
848,55863,80,79,1,1,0,0,148,86565,1,477,0,0,1,HTTP_FLOOD
481,51074,443,126,0,1,0,0,282,178075,1,426,0,4,1,HTTP_FLOOD
1247,46725,443,71,0,1,0,0,177,111157,1,296,0,3,1,HTTP_FLOOD
1309,37207,80,118,0,1,0,0,244,405644,3,333,0,2,1,HTTP_FLOOD
1323,40593,80,51,0,1,0,0,403,436372,5,494,0,3,1,HTTP_FLOOD
1038,35488,443,45,0,1,0,0,223,269718,2,104,0,5,1,HTTP_FLOOD
689,44993,443,85,0,1,0,0,139,184130,4,337,0,0,1,HTTP_FLOOD
658,30035,443,54,0,1,0,0,276,491373,2,215,0,5,1,HTTP_FLOOD
412,35928,80,95,0,1,0,0,150,389232,5,471,0,5,1,HTTP_FLOOD
750,32212,443,107,0,1,0,0,367,350338,4,470,0,0,1,HTTP_FLOOD
1149,48531,80,95,0,1,0,0,495,108754,5,323,0,1,1,HTTP_FLOOD
1496,42170,443,110,0,1,0,0,473,358565,3,391,0,5,1,HTTP_FLOOD
1349,52618,443,61,0,1,0,0,295,341510,5,122,0,5,1,HTTP_FLOOD
503,54589,443,70,1,1,0,0,373,451388,5,210,0,0,1,HTTP_FLOOD
1168,49944,80,105,1,1,0,0,188,471373,5,241,0,2,1,HTTP_FLOOD
1036,58384,80,124,0,1,0,0,363,122405,2,469,0,3,1,HTTP_FLOOD
732,30039,80,62,0,1,0,0,414,204426,5,165,0,5,1,HTTP_FLOOD
868,34432,80,47,1,1,0,0,145,195450,3,349,0,2,1,HTTP_FLOOD
832,53958,80,107,0,1,0,0,133,270966,3,395,0,4,1,HTTP_FLOOD
801,52973,80,126,0,1,0,0,476,378887,1,165,0,0,1,HTTP_FLOOD
825,31661,443,59,0,1,0,0,167,118463,4,354,0,2,1,HTTP_FLOOD
660,52788,80,71,1,1,0,0,467,151692,1,497,0,1,1,HTTP_FLOOD
1430,33065,443,82,0,1,0,0,308,182889,4,200,0,0,1,HTTP_FLOOD
517,41286,80,96,1,1,0,0,335,236572,4,399,0,0,1,HTTP_FLOOD
1500,37348,80,49,0,1,0,0,433,134881,5,145,0,3,1,HTTP_FLOOD
551,45390,443,88,0,1,0,0,181,355156,5,211,0,0,1,HTTP_FLOOD
459,38639,80,109,1,1,0,0,134,375105,4,300,0,1,1,HTTP_FLOOD
708,48595,80,65,0,1,0,0,314,305248,1,356,0,0,1,HTTP_FLOOD
1151,43299,443,93,1,1,0,0,335,444863,1,296,0,1,1,HTTP_FLOOD
1206,35012,80,113,1,1,0,0,285,239619,1,255,0,4,1,HTTP_FLOOD
987,55519,443,78,0,1,0,0,325,276222,4,200,0,5,1,HTTP_FLOOD
1027,49813,80,68,1,1,0,0,276,54475,3,431,0,4,1,HTTP_FLOOD
1171,35481,443,64,0,1,0,0,186,252029,2,322,0,0,1,HTTP_FLOOD
581,39683,80,72,0,1,0,0,310,398895,2,478,0,2,1,HTTP_FLOOD
1056,38734,80,52,0,1,0,0,373,435326,4,404,0,5,1,HTTP_FLOOD
600,54245,443,58,0,1,0,0,470,213124,1,436,0,4,1,HTTP_FLOOD
1178,38639,80,65,1,1,0,0,222,120243,3,335,0,1,1,HTTP_FLOOD
1148,51846,80,86,0,1,0,0,215,178724,3,203,0,0,1,HTTP_FLOOD
893,32541,80,86,1,1,0,0,307,64674,3,468,0,2,1,HTTP_FLOOD
1157,58297,443,89,1,1,0,0,355,223447,4,305,0,4,1,HTTP_FLOOD
949,53650,443,65,1,1,0,0,222,278896,3,388,0,3,1,HTTP_FLOOD
954,42878,443,116,1,1,0,0,132,275919,2,243,0,1,1,HTTP_FLOOD
561,35802,443,76,1,1,0,0,111,330749,1,393,0,2,1,HTTP_FLOOD
1027,46647,80,83,0,1,0,0,489,259243,5,173,0,2,1,HTTP_FLOOD
1160,48865,443,90,1,1,0,0,328,145275,1,222,0,0,1,HTTP_FLOOD
1328,58511,443,57,0,1,0,0,288,457329,5,160,0,2,1,HTTP_FLOOD
771,42609,80,76,0,1,0,0,441,188816,5,398,0,1,1,HTTP_FLOOD
907,55973,80,93,0,1,0,0,254,457241,3,258,0,1,1,HTTP_FLOOD
514,44837,443,68,1,1,0,0,215,104656,1,115,0,4,1,HTTP_FLOOD
649,46242,443,61,0,1,0,0,161,91628,3,473,0,4,1,HTTP_FLOOD
1314,33027,443,80,0,1,0,0,207,240184,3,478,0,1,1,HTTP_FLOOD
1286,59136,443,73,1,1,0,0,448,391042,4,124,0,0,1,HTTP_FLOOD
1418,36356,80,122,0,1,0,0,454,327367,4,274,0,5,1,HTTP_FLOOD
702,37292,443,99,1,1,0,0,167,352673,4,304,0,5,1,HTTP_FLOOD
1063,43327,80,64,1,1,0,0,101,108445,3,131,0,5,1,HTTP_FLOOD
495,55008,443,59,1,1,0,0,374,82968,1,288,0,2,1,HTTP_FLOOD
1463,51570,80,44,0,1,0,0,177,303674,2,473,0,1,1,HTTP_FLOOD
534,40131,80,80,1,1,0,0,439,493905,2,161,0,3,1,HTTP_FLOOD
454,49798,443,69,0,1,0,0,493,164093,4,370,0,5,1,HTTP_FLOOD
577,46199,80,44,0,1,0,0,162,153869,4,418,0,2,1,HTTP_FLOOD
1118,53238,80,106,1,1,0,0,190,427930,1,407,0,5,1,HTTP_FLOOD
781,48861,443,71,1,1,0,0,165,427034,3,415,0,2,1,HTTP_FLOOD
836,59803,80,58,0,1,0,0,177,385511,4,216,0,5,1,HTTP_FLOOD
789,59282,80,40,1,1,0,0,286,497146,4,453,0,5,1,HTTP_FLOOD
854,55619,443,68,0,1,0,0,216,271892,4,144,0,4,1,HTTP_FLOOD
1116,31138,443,90,0,1,0,0,125,339001,4,123,0,4,1,HTTP_FLOOD
783,42749,443,55,0,1,0,0,202,249823,1,150,0,0,1,HTTP_FLOOD
1406,34085,80,90,0,1,0,0,281,388064,5,213,0,4,1,HTTP_FLOOD
774,53137,80,103,1,1,0,0,462,449530,3,373,0,2,1,HTTP_FLOOD
1224,45678,80,81,1,1,0,0,485,187707,2,174,0,1,1,HTTP_FLOOD
843,52637,80,58,0,1,0,0,464,316526,1,424,0,0,1,HTTP_FLOOD
998,38315,80,84,0,1,0,0,467,477654,2,191,0,5,1,HTTP_FLOOD
1124,43271,80,88,0,1,0,0,416,226964,2,290,0,5,1,HTTP_FLOOD
500,59498,443,71,1,1,0,0,225,84953,1,372,0,0,1,HTTP_FLOOD
956,43002,443,75,0,1,0,0,220,53309,4,442,0,2,1,HTTP_FLOOD
869,58074,443,55,1,1,0,0,176,57105,1,212,0,3,1,HTTP_FLOOD
757,43149,80,105,1,1,0,0,439,259346,2,392,0,5,1,HTTP_FLOOD
1369,51523,443,89,0,1,0,0,260,432991,3,343,0,0,1,HTTP_FLOOD
1140,40434,443,112,0,1,0,0,189,378313,1,288,0,0,1,HTTP_FLOOD
1276,53605,443,49,0,1,0,0,389,451828,3,268,0,3,1,HTTP_FLOOD
956,30554,80,113,1,1,0,0,403,160897,5,264,0,3,1,HTTP_FLOOD
1417,41722,80,47,1,1,0,0,100,475304,2,109,0,2,1,HTTP_FLOOD
745,44240,80,125,0,1,0,0,136,376500,4,149,0,1,1,HTTP_FLOOD
583,34904,443,49,0,1,0,0,392,177743,4,417,0,3,1,HTTP_FLOOD
1347,47431,443,91,0,1,0,0,389,324317,4,210,0,0,1,HTTP_FLOOD
737,43971,443,101,0,1,0,0,140,468324,5,494,0,1,1,HTTP_FLOOD
670,44347,443,126,0,1,0,0,335,227795,5,371,0,4,1,HTTP_FLOOD
1373,51258,443,85,0,1,0,0,426,159054,5,457,0,5,1,HTTP_FLOOD
1032,36652,80,117,0,1,0,0,422,453682,4,268,0,2,1,HTTP_FLOOD
785,31011,443,63,0,1,0,0,163,125881,1,181,0,0,1,HTTP_FLOOD
541,41533,80,84,1,1,0,0,293,192757,3,388,0,5,1,HTTP_FLOOD
1334,56199,443,101,0,1,0,0,464,76183,1,171,0,3,1,HTTP_FLOOD
1350,42964,443,79,1,1,0,0,354,260194,3,393,0,3,1,HTTP_FLOOD
1321,40142,80,93,0,1,0,0,297,232220,4,453,0,0,1,HTTP_FLOOD
926,58111,443,44,0,1,0,0,308,178064,3,261,0,5,1,HTTP_FLOOD
851,45409,80,44,1,1,0,0,239,346246,4,415,0,1,1,HTTP_FLOOD
1351,44463,80,54,1,1,0,0,170,348482,4,214,0,2,1,HTTP_FLOOD
821,31623,443,115,1,1,0,0,468,54171,2,288,0,2,1,HTTP_FLOOD
625,35292,80,99,1,1,0,0,445,158197,4,253,0,1,1,HTTP_FLOOD
560,57961,443,118,1,1,0,0,368,375459,5,391,0,2,1,HTTP_FLOOD
1205,41425,443,92,1,1,0,0,226,206519,3,485,0,2,1,HTTP_FLOOD
998,54422,80,79,1,1,0,0,137,465082,3,413,0,0,1,HTTP_FLOOD
1210,48657,80,117,0,1,0,0,461,499694,3,241,0,4,1,HTTP_FLOOD
1323,39341,80,113,1,1,0,0,309,188304,1,369,0,5,1,HTTP_FLOOD
750,34787,80,46,1,1,0,0,356,270268,2,409,0,5,1,HTTP_FLOOD
1376,53709,80,113,1,1,0,0,151,180640,2,153,0,0,1,HTTP_FLOOD
1312,34229,80,128,0,1,0,0,158,300996,1,345,0,2,1,HTTP_FLOOD
1017,59466,443,64,1,1,0,0,422,422116,4,289,0,2,1,HTTP_FLOOD
1367,56225,80,56,0,1,0,0,225,55327,1,254,0,2,1,HTTP_FLOOD
1286,57795,443,88,0,1,0,0,175,429340,5,214,0,4,1,HTTP_FLOOD
511,56966,80,58,1,1,0,0,154,121492,1,204,0,5,1,HTTP_FLOOD
1345,40922,443,85,1,1,0,0,197,223417,5,272,0,5,1,HTTP_FLOOD
1365,30075,443,50,0,1,0,0,135,186887,3,382,0,2,1,HTTP_FLOOD
787,38499,443,90,1,1,0,0,213,94376,1,214,0,4,1,HTTP_FLOOD
1159,31574,80,77,0,1,0,0,197,484537,4,180,0,5,1,HTTP_FLOOD
677,31097,80,64,1,1,0,0,334,203487,2,235,0,3,1,HTTP_FLOOD
825,51496,80,42,1,1,0,0,218,397752,4,465,0,4,1,HTTP_FLOOD
1251,46529,443,109,0,1,0,0,116,339495,3,463,0,5,1,HTTP_FLOOD
688,48647,443,88,0,1,0,0,178,471903,1,431,0,5,1,HTTP_FLOOD
1397,44357,443,48,1,1,0,0,234,148735,1,254,0,1,1,HTTP_FLOOD
1052,31915,80,69,1,1,0,0,124,135652,2,386,0,4,1,HTTP_FLOOD
974,43832,443,83,0,1,0,0,329,444058,3,473,0,1,1,HTTP_FLOOD
807,36587,80,106,0,1,0,0,419,465869,2,104,0,1,1,HTTP_FLOOD
433,34405,443,91,0,1,0,0,210,157170,1,217,0,0,1,HTTP_FLOOD
849,36464,443,92,1,1,0,0,325,85505,1,443,0,3,1,HTTP_FLOOD
1334,41966,80,96,1,1,0,0,172,456798,4,412,0,4,1,HTTP_FLOOD
1111,54605,443,71,0,1,0,0,188,195748,3,207,0,0,1,HTTP_FLOOD
560,59606,80,69,1,1,0,0,349,139457,2,114,0,1,1,HTTP_FLOOD
954,53486,80,45,0,1,0,0,376,205191,4,134,0,4,1,HTTP_FLOOD
433,32977,443,60,0,1,0,0,438,467893,2,249,0,0,1,HTTP_FLOOD
1164,31916,443,92,1,1,0,0,438,336504,4,473,0,0,1,HTTP_FLOOD
1375,51043,443,81,1,1,0,0,311,105506,5,407,0,1,1,HTTP_FLOOD
940,31639,443,86,0,1,0,0,374,281056,2,446,0,3,1,HTTP_FLOOD
703,41124,80,63,0,1,0,0,262,363942,1,399,0,5,1,HTTP_FLOOD
1102,42624,443,108,1,1,0,0,464,183547,5,471,0,5,1,HTTP_FLOOD
701,38106,443,71,0,1,0,0,331,350628,1,195,0,0,1,HTTP_FLOOD
666,32770,80,46,0,1,0,0,371,290066,5,121,0,1,1,HTTP_FLOOD
1109,52556,443,118,0,1,0,0,442,88762,4,125,0,3,1,HTTP_FLOOD
996,52727,80,120,0,1,0,0,406,129194,3,153,0,4,1,HTTP_FLOOD
915,52755,443,62,1,1,0,0,476,450722,1,352,0,0,1,HTTP_FLOOD
753,35750,80,103,1,1,0,0,483,183445,2,212,0,4,1,HTTP_FLOOD
1330,35956,80,42,1,1,0,0,248,128461,2,157,0,3,1,HTTP_FLOOD
760,42349,443,127,1,1,0,0,402,388715,4,198,0,1,1,HTTP_FLOOD
403,52687,80,65,1,1,0,0,250,208356,4,109,0,2,1,HTTP_FLOOD
1428,57545,443,105,1,1,0,0,106,192062,4,110,0,1,1,HTTP_FLOOD
421,58186,443,118,1,1,0,0,492,316069,3,136,0,4,1,HTTP_FLOOD
1041,36208,443,103,1,1,0,0,419,418045,2,303,0,3,1,HTTP_FLOOD
828,35241,443,93,0,1,0,0,237,146986,4,354,0,3,1,HTTP_FLOOD
1053,56043,80,60,1,1,0,0,390,130536,1,314,0,0,1,HTTP_FLOOD
1217,41445,80,58,0,1,0,0,114,392947,3,393,0,5,1,HTTP_FLOOD
722,34944,443,54,0,1,0,0,265,452970,4,211,0,0,1,HTTP_FLOOD
710,49379,443,80,1,1,0,0,219,278532,2,337,0,5,1,HTTP_FLOOD
715,51160,443,62,1,1,0,0,440,450527,2,121,0,3,1,HTTP_FLOOD
1172,32490,443,124,1,1,0,0,419,319679,1,430,0,5,1,HTTP_FLOOD
1095,33181,80,66,0,1,0,0,214,393252,5,489,0,0,1,HTTP_FLOOD
489,38932,80,60,0,1,0,0,428,93887,2,177,0,0,1,HTTP_FLOOD
754,55628,80,87,1,1,0,0,361,397469,1,464,0,2,1,HTTP_FLOOD
714,58499,443,109,1,1,0,0,374,311883,4,252,0,0,1,HTTP_FLOOD
612,55020,80,107,1,1,0,0,234,341646,5,129,0,3,1,HTTP_FLOOD
1033,40013,80,126,0,1,0,0,121,466605,4,190,0,4,1,HTTP_FLOOD
1429,46312,443,121,1,1,0,0,225,486159,3,366,0,2,1,HTTP_FLOOD
1194,50899,443,76,1,1,0,0,483,212944,1,405,0,3,1,HTTP_FLOOD
664,37133,443,124,0,1,0,0,157,370085,2,466,0,3,1,HTTP_FLOOD
696,35866,80,64,0,1,0,0,108,210242,1,123,0,2,1,HTTP_FLOOD
734,50045,443,108,0,1,0,0,157,197537,4,361,0,4,1,HTTP_FLOOD
629,32950,443,118,1,1,0,0,178,482738,4,401,0,4,1,HTTP_FLOOD
968,48853,80,123,0,1,0,0,363,416115,2,156,0,5,1,HTTP_FLOOD
440,31868,80,95,1,1,0,0,309,60976,2,461,0,0,1,HTTP_FLOOD
527,30176,443,65,0,1,0,0,376,226507,2,378,0,3,1,HTTP_FLOOD
786,58605,80,40,1,1,0,0,423,74333,3,191,0,2,1,HTTP_FLOOD
900,59042,80,110,0,1,0,0,281,340010,2,313,0,4,1,HTTP_FLOOD
750,51626,80,47,1,1,0,0,303,329960,4,183,0,3,1,HTTP_FLOOD
1293,37997,80,62,0,1,0,0,356,369508,4,444,0,1,1,HTTP_FLOOD
839,56691,443,92,0,1,0,0,358,226277,1,423,0,4,1,HTTP_FLOOD
1224,35801,443,98,0,1,0,0,226,277569,5,256,0,0,1,HTTP_FLOOD
401,32437,80,59,0,1,0,0,202,168284,5,178,0,0,1,HTTP_FLOOD
1440,53956,80,84,0,1,0,0,336,436491,5,472,0,0,1,HTTP_FLOOD
1482,45626,443,42,1,1,0,0,346,308478,4,148,0,5,1,HTTP_FLOOD
488,43844,443,114,0,1,0,0,103,382820,5,367,0,0,1,HTTP_FLOOD
945,38105,80,119,0,1,0,0,339,368084,4,309,0,0,1,HTTP_FLOOD
1343,46487,80,85,1,1,0,0,396,497337,5,429,0,1,1,HTTP_FLOOD
1012,41466,443,62,0,1,0,0,466,480916,2,459,0,3,1,HTTP_FLOOD
1171,42079,443,108,1,1,0,0,491,139556,5,281,0,4,1,HTTP_FLOOD
592,34533,443,97,0,1,0,0,257,373350,5,403,0,4,1,HTTP_FLOOD
732,41253,443,68,1,1,0,0,443,278146,1,491,0,3,1,HTTP_FLOOD
1010,59051,80,114,0,1,0,0,327,190570,4,173,0,4,1,HTTP_FLOOD
1243,43862,443,48,1,1,0,0,393,374395,4,348,0,0,1,HTTP_FLOOD
407,48128,443,79,1,1,0,0,230,343155,3,451,0,4,1,HTTP_FLOOD
982,43291,443,49,0,1,0,0,411,470469,5,254,0,0,1,HTTP_FLOOD
1241,45140,80,76,1,1,0,0,365,380256,3,205,0,3,1,HTTP_FLOOD
1498,56490,80,88,1,1,0,0,497,356330,5,114,0,2,1,HTTP_FLOOD
993,40355,80,117,0,1,0,0,439,385549,5,301,0,0,1,HTTP_FLOOD
1069,35600,80,44,0,1,0,0,304,123159,4,120,0,3,1,HTTP_FLOOD
1219,39498,80,42,0,1,0,0,238,330306,3,283,0,4,1,HTTP_FLOOD
613,55237,80,40,0,1,0,0,440,471788,1,268,0,3,1,HTTP_FLOOD
1024,51848,80,119,1,1,0,0,234,486945,1,383,0,2,1,HTTP_FLOOD
1251,58360,80,41,0,1,0,0,328,463297,3,106,0,0,1,HTTP_FLOOD
401,36974,80,126,1,1,0,0,468,254670,4,152,0,4,1,HTTP_FLOOD
1128,51136,80,42,1,1,0,0,298,203503,1,385,0,2,1,HTTP_FLOOD
792,57048,443,109,1,1,0,0,321,285313,5,126,0,4,1,HTTP_FLOOD
1382,59949,80,123,0,1,0,0,371,297518,2,312,0,5,1,HTTP_FLOOD
471,31023,80,120,0,1,0,0,318,245224,1,124,0,1,1,HTTP_FLOOD
955,39687,443,72,0,1,0,0,407,362111,1,301,0,3,1,HTTP_FLOOD
961,51799,443,94,1,1,0,0,291,136420,3,119,0,3,1,HTTP_FLOOD
690,55801,80,54,1,1,0,0,276,370487,5,323,0,3,1,HTTP_FLOOD
680,40335,443,62,0,1,0,0,192,115475,5,104,0,2,1,HTTP_FLOOD
883,37060,443,96,0,1,0,0,232,311569,3,345,0,3,1,HTTP_FLOOD
1021,47733,443,127,1,1,0,0,290,363150,2,407,0,3,1,HTTP_FLOOD
1068,35594,80,69,0,1,0,0,260,53201,4,141,0,1,1,HTTP_FLOOD
988,40912,443,67,0,1,0,0,185,417796,5,128,0,0,1,HTTP_FLOOD
910,42923,80,124,0,1,0,0,146,85646,4,221,0,5,1,HTTP_FLOOD
693,50752,443,103,0,1,0,0,317,454960,3,374,0,5,1,HTTP_FLOOD
904,50233,443,111,1,1,0,0,464,403950,3,383,0,2,1,HTTP_FLOOD
750,35929,443,61,1,1,0,0,171,423713,3,151,0,3,1,HTTP_FLOOD
636,46461,443,102,1,1,0,0,414,94057,4,134,0,0,1,HTTP_FLOOD
1088,31711,80,86,1,1,0,0,406,98625,3,329,0,3,1,HTTP_FLOOD
1029,38822,443,69,1,1,0,0,426,162629,3,495,0,1,1,HTTP_FLOOD
1009,44364,443,54,1,1,0,0,160,236859,5,253,0,5,1,HTTP_FLOOD
1340,36535,443,77,0,1,0,0,118,224781,2,350,0,4,1,HTTP_FLOOD
1494,30992,80,64,0,1,0,0,371,164175,4,142,0,0,1,HTTP_FLOOD
811,37852,80,94,0,1,0,0,362,298740,5,373,0,1,1,HTTP_FLOOD
539,41554,80,101,1,1,0,0,200,55055,3,384,0,3,1,HTTP_FLOOD
776,40353,80,80,0,1,0,0,162,283397,3,309,0,2,1,HTTP_FLOOD
835,40729,80,101,0,1,0,0,151,318374,5,154,0,2,1,HTTP_FLOOD
1270,52464,443,64,1,1,0,0,242,250024,4,144,0,5,1,HTTP_FLOOD
1381,44506,443,60,1,1,0,0,401,84238,3,214,0,1,1,HTTP_FLOOD
1211,34474,443,88,1,1,0,0,234,229020,1,412,0,4,1,HTTP_FLOOD
459,52593,80,54,0,1,0,0,372,362254,5,274,0,3,1,HTTP_FLOOD
866,48921,80,108,0,1,0,0,450,421652,3,183,0,0,1,HTTP_FLOOD
574,47704,443,124,1,1,0,0,247,139234,3,299,0,2,1,HTTP_FLOOD
1453,55443,443,119,1,1,0,0,398,244359,4,187,0,4,1,HTTP_FLOOD
1159,56997,443,82,1,1,0,0,486,322576,2,365,0,5,1,HTTP_FLOOD
627,57609,80,62,0,1,0,0,136,281267,5,336,0,5,1,HTTP_FLOOD
551,56869,80,78,0,1,0,0,427,368995,4,141,0,3,1,HTTP_FLOOD
429,40753,443,73,1,1,0,0,150,464139,3,205,0,3,1,HTTP_FLOOD
1416,54921,80,106,1,1,0,0,367,104951,1,193,0,5,1,HTTP_FLOOD
845,50912,80,66,1,1,0,0,485,277759,5,158,0,0,1,HTTP_FLOOD
903,49980,443,108,0,1,0,0,240,226454,5,105,0,0,1,HTTP_FLOOD
741,57308,80,96,1,1,0,0,395,74638,3,261,0,1,1,HTTP_FLOOD
1270,43859,80,68,1,1,0,0,145,379255,3,481,0,4,1,HTTP_FLOOD
442,54724,443,41,1,1,0,0,199,116341,4,110,0,5,1,HTTP_FLOOD
648,33993,80,114,0,1,0,0,105,180348,5,164,0,4,1,HTTP_FLOOD
1371,40072,80,122,1,1,0,0,278,113576,2,470,0,3,1,HTTP_FLOOD
486,48807,80,128,1,1,0,0,373,468172,1,357,0,5,1,HTTP_FLOOD
651,31399,443,81,0,1,0,0,169,206938,2,465,0,3,1,HTTP_FLOOD
823,43122,80,83,1,1,0,0,205,248765,4,171,0,3,1,HTTP_FLOOD
561,37111,443,105,1,1,0,0,390,178631,2,280,0,1,1,HTTP_FLOOD
523,53078,80,120,1,1,0,0,378,218693,4,146,0,2,1,HTTP_FLOOD
997,44757,80,51,1,1,0,0,297,480131,4,222,0,4,1,HTTP_FLOOD
1398,48615,80,85,1,1,0,0,159,103090,4,248,0,1,1,HTTP_FLOOD
1204,52244,80,124,0,1,0,0,360,175820,4,348,0,1,1,HTTP_FLOOD
1335,30923,80,109,1,1,0,0,492,390869,4,309,0,0,1,HTTP_FLOOD
1102,59953,80,77,0,1,0,0,366,93100,4,230,0,2,1,HTTP_FLOOD
540,56771,443,49,0,1,0,0,153,376868,4,265,0,5,1,HTTP_FLOOD
819,40969,443,92,1,1,0,0,121,245719,1,119,0,1,1,HTTP_FLOOD
402,34435,443,67,0,1,0,0,235,124821,4,314,0,1,1,HTTP_FLOOD
1264,34401,80,73,1,1,0,0,446,191866,4,159,0,4,1,HTTP_FLOOD
870,49397,443,67,0,1,0,0,394,265881,5,122,0,3,1,HTTP_FLOOD
1414,43177,443,128,0,1,0,0,391,141069,2,358,0,4,1,HTTP_FLOOD
969,50108,443,74,1,1,0,0,486,233817,1,461,0,1,1,HTTP_FLOOD
1073,47617,443,57,1,1,0,0,163,287771,3,200,0,0,1,HTTP_FLOOD
1270,56412,80,53,1,1,0,0,238,456669,1,203,0,2,1,HTTP_FLOOD
826,49354,80,104,1,1,0,0,205,337507,4,326,0,5,1,HTTP_FLOOD
1135,46776,80,69,0,1,0,0,307,198879,4,330,0,0,1,HTTP_FLOOD
914,33089,80,41,0,1,0,0,418,109096,3,198,0,4,1,HTTP_FLOOD
1258,30759,80,109,0,1,0,0,302,119856,3,235,0,1,1,HTTP_FLOOD
480,38584,80,123,0,1,0,0,219,94560,5,117,0,5,1,HTTP_FLOOD
1129,44752,443,57,0,1,0,0,237,447390,3,133,0,0,1,HTTP_FLOOD
515,53176,443,128,1,1,0,0,151,346236,2,181,0,2,1,HTTP_FLOOD
1160,55584,80,110,0,1,0,0,130,375784,4,465,0,4,1,HTTP_FLOOD
1033,33237,80,58,1,1,0,0,378,294116,1,400,0,5,1,HTTP_FLOOD
1372,34948,443,72,1,1,0,0,204,146118,2,291,0,0,1,HTTP_FLOOD
1415,57590,443,58,0,1,0,0,248,57334,3,455,0,5,1,HTTP_FLOOD
838,35648,443,52,0,1,0,0,373,484339,5,126,0,0,1,HTTP_FLOOD
794,40009,443,107,1,1,0,0,150,410470,4,210,0,0,1,HTTP_FLOOD
1372,30393,80,109,1,1,0,0,329,414096,2,128,0,1,1,HTTP_FLOOD
471,31041,443,70,1,1,0,0,312,428243,2,135,0,4,1,HTTP_FLOOD
1138,36441,443,109,0,1,0,0,105,227714,4,343,0,4,1,HTTP_FLOOD
1041,30983,80,52,1,1,0,0,224,121597,3,388,0,0,1,HTTP_FLOOD
453,56166,443,67,1,1,0,0,145,149356,1,435,0,3,1,HTTP_FLOOD
751,35250,80,53,0,1,0,0,376,476244,4,389,0,0,1,HTTP_FLOOD
1443,45486,80,123,1,1,0,0,353,124729,2,161,0,0,1,HTTP_FLOOD
919,40361,443,92,0,1,0,0,353,108174,5,185,0,4,1,HTTP_FLOOD
540,45530,80,98,1,1,0,0,256,178386,4,127,0,1,1,HTTP_FLOOD
861,54889,443,77,0,1,0,0,194,239029,2,147,0,5,1,HTTP_FLOOD
1213,30504,80,83,0,1,0,0,209,358130,3,486,0,0,1,HTTP_FLOOD
690,54004,80,114,1,1,0,0,256,438973,4,342,0,1,1,HTTP_FLOOD
1169,50218,80,66,0,1,0,0,315,386358,3,261,0,0,1,HTTP_FLOOD
860,34277,443,92,0,1,0,0,433,294118,5,253,0,5,1,HTTP_FLOOD
449,52188,80,74,1,1,0,0,454,238266,5,376,0,2,1,HTTP_FLOOD
629,42526,80,56,0,1,0,0,154,351451,1,263,0,4,1,HTTP_FLOOD
586,35594,443,109,1,1,0,0,487,418636,3,475,0,4,1,HTTP_FLOOD
1497,58996,443,72,1,1,0,0,384,274374,5,445,0,3,1,HTTP_FLOOD
659,37008,443,88,0,1,0,0,104,312248,5,237,0,2,1,HTTP_FLOOD
1334,38480,80,105,0,1,0,0,324,480369,5,145,0,4,1,HTTP_FLOOD
624,48739,80,102,1,1,0,0,417,493742,5,166,0,0,1,HTTP_FLOOD
1295,39855,80,46,1,1,0,0,392,436388,5,493,0,1,1,HTTP_FLOOD
1204,49920,80,65,1,1,0,0,217,196067,5,237,0,4,1,HTTP_FLOOD
1295,38861,443,45,0,1,0,0,160,167441,5,370,0,3,1,HTTP_FLOOD
1052,38988,443,63,0,1,0,0,465,498624,1,186,0,0,1,HTTP_FLOOD
740,36530,443,127,0,1,0,0,107,238365,3,100,0,1,1,HTTP_FLOOD
846,30064,80,42,0,1,0,0,380,322103,4,227,0,2,1,HTTP_FLOOD
1225,44858,80,115,0,1,0,0,413,52531,1,364,0,4,1,HTTP_FLOOD
584,33975,443,55,1,1,0,0,101,62133,5,147,0,3,1,HTTP_FLOOD
711,56882,80,57,1,1,0,0,203,289466,5,444,0,4,1,HTTP_FLOOD
1341,54248,80,89,0,1,0,0,377,466891,3,253,0,4,1,HTTP_FLOOD
568,58002,443,101,1,1,0,0,298,178421,1,125,0,0,1,HTTP_FLOOD
1454,39087,80,71,1,1,0,0,160,100741,2,328,0,0,1,HTTP_FLOOD
596,47150,80,80,0,1,0,0,439,366737,5,430,0,2,1,HTTP_FLOOD
930,40804,80,113,1,1,0,0,176,59526,2,425,0,2,1,HTTP_FLOOD
424,32241,443,66,1,1,0,0,490,175395,3,311,0,3,1,HTTP_FLOOD
